jobID,jobLevel,jobRole 
1,1,Backend dev
2,1,UI designer
3,4,Mobile
4,3,IOS dev
5,1,Frontend dev
6,4,UX designer
7,2,QA
8,2,UX designer
9,3,Frontend dev
10,4,IOS dev
11,2,Android dev
12,1,Mobile
13,1,UX designer
14,1,UX designer
15,1,UX designer
16,2,Frontend dev
17,1,Mobile
18,2,Backend dev
19,1,QA
20,1,UX designer
21,2,Backend dev
22,1,UX designer
23,2,Mobile
24,1,UX designer
25,1,Android dev
26,1,IOS dev
27,1,PM
28,1,PM
29,2,UX designer
30,1,Frontend dev
31,3,QA
32,1,Android dev
33,2,UX designer
34,3,UI designer
35,1,Frontend dev
36,2,Mobile
37,1,PM
38,3,Android dev
39,1,UI designer
40,1,Mobile
41,3,IOS dev
42,2,UX designer
43,1,UI designer
44,1,Android dev
45,1,Android dev
46,1,PM
47,2,IOS dev
48,1,IOS dev
49,2,Android dev
50,3,UI designer
51,2,QA
52,3,Frontend dev
53,2,Backend dev
54,1,IOS dev
55,2,UI designer
56,4,QA
57,1,QA
58,4,UI designer
59,3,Frontend dev
60,2,IOS dev
61,3,Backend dev
62,3,Android dev
63,4,Mobile
64,2,IOS dev
65,2,IOS dev
66,1,Mobile
67,4,UX designer
68,1,UI designer
69,1,IOS dev
70,1,Mobile
71,4,IOS dev
72,2,Backend dev
73,5,QA
74,1,Android dev
75,2,UI designer
76,2,Frontend dev
77,1,Frontend dev
78,4,UI designer
79,1,Mobile
80,3,QA
81,2,Frontend dev
82,1,QA
83,2,Frontend dev
84,1,UI designer
85,3,UI designer
86,3,Frontend dev
87,3,Mobile
88,1,Android dev
89,1,IOS dev
90,2,Backend dev
91,1,QA
92,2,Mobile
93,3,PM
94,2,Mobile
95,4,IOS dev
96,2,Frontend dev
97,1,Frontend dev
98,5,UI designer
99,1,IOS dev
100,4,QA
101,2,UX designer
102,2,UX designer
103,5,IOS dev
104,2,Mobile
105,2,UI designer
106,5,IOS dev
107,4,Backend dev
108,2,UI designer
109,1,PM
110,3,UX designer
111,1,UI designer
112,4,Mobile
113,1,UX designer
114,2,UI designer
115,3,Backend dev
116,1,IOS dev
117,3,Frontend dev
118,2,Backend dev
119,1,UX designer
120,1,Frontend dev
121,1,Android dev
122,1,IOS dev
123,5,UI designer
124,2,Mobile
125,2,UX designer
126,1,UX designer
127,5,QA
128,3,UX designer
129,1,Android dev
130,3,PM
131,4,UI designer
132,3,UX designer
133,1,UI designer
134,1,Mobile
135,2,Android dev
136,1,PM
137,3,UI designer
138,1,Backend dev
139,2,PM
140,1,PM
141,3,Frontend dev
142,3,UX designer
143,1,Frontend dev
144,3,UI designer
145,2,Android dev
146,3,IOS dev
147,3,Backend dev
148,3,Mobile
149,2,PM
150,1,PM
151,2,UI designer
152,2,Mobile
153,1,PM
154,1,Android dev
155,1,PM
156,4,Frontend dev
157,1,UI designer
158,2,UI designer
159,2,PM
160,1,Android dev
161,4,Frontend dev
162,2,Backend dev
163,3,Backend dev
164,3,Mobile
165,1,Frontend dev
166,3,IOS dev
167,4,QA
168,3,QA
169,3,Backend dev
170,4,Mobile
171,5,QA
172,1,UI designer
173,2,Mobile
174,2,Android dev
175,1,UI designer
176,1,QA
177,2,Backend dev
178,4,UX designer
179,2,UI designer
180,1,PM
181,2,UI designer
182,2,UI designer
183,1,Android dev
184,1,Mobile
185,1,IOS dev
186,2,UX designer
187,1,UI designer
188,1,Frontend dev
189,2,UI designer
190,1,UI designer
191,2,IOS dev
192,1,UI designer
193,3,UI designer
194,3,UI designer
195,4,Mobile
196,2,UI designer
197,1,UI designer
198,1,Android dev
199,1,Android dev
200,1,Android dev
201,2,Frontend dev
202,2,Frontend dev
203,3,UI designer
204,2,IOS dev
205,1,Frontend dev
206,2,IOS dev
207,1,Frontend dev
208,5,IOS dev
209,1,Frontend dev
210,1,Backend dev
211,1,UI designer
212,2,PM
213,1,Frontend dev
214,1,PM
215,5,Frontend dev
216,1,IOS dev
217,1,Backend dev
218,4,Frontend dev
219,1,UI designer
220,1,UX designer
221,1,Mobile
222,2,Backend dev
223,2,UI designer
224,4,QA
225,1,UX designer
226,5,UI designer
227,2,Frontend dev
228,1,UI designer
229,2,UI designer
230,1,IOS dev
231,2,PM
232,2,PM
233,1,UI designer
234,2,IOS dev
235,2,IOS dev
236,2,Mobile
237,1,UI designer
238,2,Mobile
239,3,Frontend dev
240,1,Backend dev
241,2,Backend dev
242,2,Android dev
243,1,QA
244,3,Android dev
245,3,Mobile
246,1,Frontend dev
247,3,Frontend dev
248,1,IOS dev
249,1,Frontend dev
250,1,Frontend dev
251,4,UX designer
252,2,Frontend dev
253,2,IOS dev
254,2,Backend dev
255,5,UX designer
256,5,IOS dev
257,1,Frontend dev
258,1,Android dev
259,1,Frontend dev
260,2,UI designer
261,5,Backend dev
262,4,IOS dev
263,1,UI designer
264,5,UI designer
265,3,Mobile
266,1,UX designer
267,1,Frontend dev
268,1,Backend dev
269,1,IOS dev
270,5,UI designer
271,4,QA
272,1,Android dev
273,5,IOS dev
274,2,UX designer
275,5,IOS dev
276,3,IOS dev
277,2,UI designer
278,1,UI designer
279,5,QA
280,2,QA
281,1,Frontend dev
282,2,PM
283,3,UX designer
284,2,Android dev
285,3,QA
286,1,Mobile
287,1,Backend dev
288,2,Backend dev
289,1,Android dev
290,1,Backend dev
291,1,Backend dev
292,2,Frontend dev
293,5,IOS dev
294,4,UI designer
295,1,UX designer
296,2,Backend dev
297,1,UX designer
298,2,IOS dev
299,3,IOS dev
300,1,Android dev
301,2,Frontend dev
302,4,QA
303,3,PM
304,3,Mobile
305,3,PM
306,2,Backend dev
307,3,Android dev
308,2,Android dev
309,1,Frontend dev
310,1,UX designer
311,4,Frontend dev
312,5,QA
313,5,UI designer
314,1,Backend dev
315,3,Android dev
316,2,Frontend dev
317,2,IOS dev
318,2,IOS dev
319,4,Frontend dev
320,2,Frontend dev
321,2,QA
322,1,IOS dev
323,3,QA
324,1,Frontend dev
325,2,Mobile
326,3,Backend dev
327,1,Mobile
328,4,UI designer
329,1,PM
330,2,UI designer
331,2,UI designer
332,4,Mobile
333,4,Android dev
334,1,UI designer
335,2,Backend dev
336,2,PM
337,1,Android dev
338,2,Mobile
339,1,UI designer
340,2,Backend dev
341,2,UX designer
342,2,UX designer
343,2,Mobile
344,3,UI designer
345,2,PM
346,1,IOS dev
347,2,Frontend dev
348,2,UI designer
349,3,Frontend dev
350,2,Android dev
351,4,Backend dev
352,2,Frontend dev
353,2,UI designer
354,1,IOS dev
355,1,QA
356,4,QA
357,1,Mobile
358,1,Android dev
359,3,QA
360,1,UI designer
361,1,Mobile
362,3,Frontend dev
363,2,Mobile
364,3,UX designer
365,4,Mobile
366,5,PM
367,4,IOS dev
368,2,UX designer
369,1,IOS dev
370,2,Frontend dev
371,4,Backend dev
372,1,PM
373,1,Backend dev
374,1,Mobile
375,2,Mobile
376,2,UI designer
377,1,UX designer
378,1,Mobile
379,1,UX designer
380,1,UI designer
381,4,PM
382,2,UI designer
383,2,UI designer
384,1,UI designer
385,1,UI designer
386,2,Frontend dev
387,3,Android dev
388,3,UI designer
389,1,IOS dev
390,3,UI designer
391,3,IOS dev
392,1,Android dev
393,1,Mobile
394,3,Android dev
395,2,Frontend dev
396,1,UI designer
397,3,UX designer
398,2,Mobile
399,1,PM
400,4,UX designer
401,2,Backend dev
402,1,QA
403,1,UI designer
404,2,Backend dev
405,2,UI designer
406,2,Frontend dev
407,1,Mobile
408,2,IOS dev
409,1,IOS dev
410,2,UI designer
411,3,Mobile
412,4,UX designer
413,1,QA
414,2,UI designer
415,2,Backend dev
416,1,QA
417,1,Frontend dev
418,1,QA
419,3,IOS dev
420,2,UI designer
421,1,QA
422,2,UX designer
423,1,PM
424,2,IOS dev
425,1,UI designer
426,1,PM
427,2,PM
428,2,UX designer
429,1,UI designer
430,2,IOS dev
431,2,Mobile
432,3,UI designer
433,4,Backend dev
434,1,Mobile
435,4,IOS dev
436,3,QA
437,4,Backend dev
438,3,PM
439,2,UI designer
440,1,UX designer
441,3,QA
442,1,UI designer
443,4,Frontend dev
444,1,UX designer
445,1,Backend dev
446,2,Backend dev
447,2,Frontend dev
448,2,Mobile
449,1,PM
450,3,Backend dev
451,2,Android dev
452,2,Frontend dev
453,4,Frontend dev
454,1,Android dev
455,2,UX designer
456,3,Backend dev
457,1,Android dev
458,2,IOS dev
459,1,UI designer
460,2,Mobile
461,1,Backend dev
462,2,Android dev
463,2,Frontend dev
464,2,UX designer
465,1,UI designer
466,3,IOS dev
467,1,UX designer
468,3,IOS dev
469,2,IOS dev
470,2,UI designer
471,1,Android dev
472,1,UI designer
473,5,IOS dev
474,2,QA
475,1,UX designer
476,2,UX designer
477,2,IOS dev
478,2,Android dev
479,1,UI designer
480,2,Android dev
481,3,QA
482,2,UI designer
483,5,QA
484,1,Frontend dev
485,2,Backend dev
486,5,Mobile
487,2,QA
488,2,UX designer
489,2,IOS dev
490,1,Frontend dev
491,1,IOS dev
492,4,Android dev
493,1,Android dev
494,1,UI designer
495,4,Backend dev
496,1,Mobile
497,5,Mobile
498,1,PM
499,2,PM
500,2,Android dev
501,2,Frontend dev
502,2,Android dev
503,2,Frontend dev
504,1,PM
505,2,Android dev
506,1,Backend dev
507,2,Android dev
508,2,QA
509,1,UX designer
510,1,Android dev
511,5,PM
512,2,Backend dev
513,3,PM
514,2,IOS dev
515,2,QA
516,2,UX designer
517,2,UI designer
518,3,UI designer
519,3,PM
520,1,PM
521,3,Android dev
522,2,UI designer
523,4,Mobile
524,2,Android dev
525,1,IOS dev
526,1,Android dev
527,1,UX designer
528,1,IOS dev
529,2,PM
530,3,Backend dev
531,2,UI designer
532,2,UX designer
533,4,Frontend dev
534,3,PM
535,1,UI designer
536,2,Android dev
537,1,PM
538,4,Mobile
539,2,IOS dev
540,2,Mobile
541,4,IOS dev
542,4,QA
543,2,Mobile
544,2,UI designer
545,2,Android dev
546,2,Mobile
547,2,Mobile
548,2,IOS dev
549,1,Android dev
550,1,UX designer
551,4,Backend dev
552,4,IOS dev
553,3,UI designer
554,1,UI designer
555,2,Android dev
556,2,IOS dev
557,1,UI designer
558,1,QA
559,1,UX designer
560,3,UI designer
561,1,Backend dev
562,1,UX designer
563,1,Backend dev
564,1,QA
565,2,UX designer
566,3,Backend dev
567,1,PM
568,2,IOS dev
569,1,Backend dev
570,1,QA
571,3,QA
572,1,Backend dev
573,2,Mobile
574,1,PM
575,3,UI designer
576,1,Backend dev
577,2,Android dev
578,3,PM
579,1,UI designer
580,4,IOS dev
581,1,UX designer
582,4,PM
583,1,Backend dev
584,1,UI designer
585,2,IOS dev
586,2,Mobile
587,1,IOS dev
588,2,Mobile
589,2,QA
590,1,UI designer
591,2,Android dev
592,3,UX designer
593,2,Android dev
594,2,Frontend dev
595,1,Mobile
596,2,Frontend dev
597,2,UX designer
598,3,Mobile
599,5,Frontend dev
600,3,UX designer
601,1,Frontend dev
602,1,QA
603,1,QA
604,2,Android dev
605,1,Android dev
606,1,Backend dev
607,2,PM
608,3,QA
609,1,Frontend dev
610,2,UI designer
611,2,Frontend dev
612,3,UX designer
613,1,UX designer
614,3,UI designer
615,1,UI designer
616,2,QA
617,1,UX designer
618,2,IOS dev
619,1,Android dev
620,1,Android dev
621,5,UI designer
622,2,Backend dev
623,1,UX designer
624,2,PM
625,4,UI designer
626,1,QA
627,2,Frontend dev
628,1,IOS dev
629,1,PM
630,1,IOS dev
631,2,Frontend dev
632,3,UI designer
633,2,Frontend dev
634,5,Frontend dev
635,3,Android dev
636,1,Android dev
637,2,Backend dev
638,2,QA
639,1,UX designer
640,1,IOS dev
641,3,UI designer
642,2,UI designer
643,1,Frontend dev
644,2,Backend dev
645,2,IOS dev
646,1,Android dev
647,2,UX designer
648,2,UI designer
649,2,Mobile
650,1,Mobile
651,2,UX designer
652,3,Mobile
653,3,Backend dev
654,1,QA
655,2,PM
656,2,Android dev
657,2,PM
658,4,IOS dev
659,1,UI designer
660,3,Backend dev
661,2,Mobile
662,2,Android dev
663,3,QA
664,1,PM
665,2,IOS dev
666,2,Mobile
667,4,Mobile
668,1,PM
669,1,Android dev
670,1,PM
671,2,Mobile
672,2,Backend dev
673,2,QA
674,1,Backend dev
675,1,IOS dev
676,2,QA
677,1,IOS dev
678,1,Backend dev
679,3,PM
680,1,Frontend dev
681,2,UI designer
682,1,Android dev
683,2,PM
684,4,IOS dev
685,2,PM
686,1,Frontend dev
687,5,PM
688,5,Frontend dev
689,1,IOS dev
690,3,Frontend dev
691,1,IOS dev
692,2,Frontend dev
693,1,PM
694,1,Frontend dev
695,1,UI designer
696,1,UI designer
697,2,UI designer
698,2,UI designer
699,3,UI designer
700,1,Mobile
701,2,UI designer
702,2,Mobile
703,2,QA
704,2,QA
705,4,UI designer
706,1,QA
707,2,Backend dev
708,4,Backend dev
709,2,UI designer
710,1,PM
711,1,Frontend dev
712,2,QA
713,2,Frontend dev
714,3,Mobile
715,2,UI designer
716,2,Frontend dev
717,1,UI designer
718,1,UI designer
719,2,UI designer
720,2,Mobile
721,2,Mobile
722,1,QA
723,2,UI designer
724,1,Frontend dev
725,2,Mobile
726,2,UI designer
727,2,UX designer
728,2,Backend dev
729,2,UX designer
730,2,Backend dev
731,4,Frontend dev
732,1,QA
733,1,Backend dev
734,5,Backend dev
735,2,UI designer
736,1,UI designer
737,2,IOS dev
738,1,Backend dev
739,1,UX designer
740,1,PM
741,3,UI designer
742,3,UI designer
743,1,PM
744,2,Android dev
745,2,Android dev
746,2,PM
747,1,QA
748,1,UI designer
749,2,Mobile
750,2,Frontend dev
751,2,Android dev
752,2,QA
753,3,UX designer
754,2,PM
755,2,Backend dev
756,3,UX designer
757,1,UI designer
758,5,PM
759,1,Backend dev
760,4,UX designer
761,2,Mobile
762,3,Backend dev
763,2,UX designer
764,2,Mobile
765,1,QA
766,2,Mobile
767,2,Android dev
768,1,IOS dev
769,1,Backend dev
770,1,Frontend dev
771,3,PM
772,1,Frontend dev
773,2,Android dev
774,1,Mobile
775,2,PM
776,2,IOS dev
777,1,QA
778,3,IOS dev
779,1,PM
780,1,Backend dev
781,2,Android dev
782,2,IOS dev
783,1,IOS dev
784,1,UI designer
785,1,UI designer
786,2,Frontend dev
787,3,PM
788,3,Mobile
789,3,PM
790,2,Android dev
791,1,Backend dev
792,1,UI designer
793,1,UI designer
794,5,UI designer
795,1,Frontend dev
796,3,IOS dev
797,2,PM
798,2,UX designer
799,1,IOS dev
800,5,UI designer
801,1,UX designer
802,4,QA
803,2,PM
804,2,Frontend dev
805,2,UI designer
806,1,Frontend dev
807,3,QA
808,2,IOS dev
809,2,UI designer
810,2,Mobile
811,2,Android dev
812,1,Backend dev
813,2,PM
814,1,Backend dev
815,1,Android dev
816,2,PM
817,1,Android dev
818,3,UX designer
819,4,UX designer
820,2,UI designer
821,1,Backend dev
822,2,Backend dev
823,3,Android dev
824,2,UI designer
825,2,Frontend dev
826,2,UI designer
827,2,Backend dev
828,2,IOS dev
829,1,Backend dev
830,1,UX designer
831,1,IOS dev
832,1,Mobile
833,1,UI designer
834,1,Android dev
835,3,Android dev
836,2,Mobile
837,1,Mobile
838,2,Frontend dev
839,1,UI designer
840,1,UI designer
841,1,IOS dev
842,3,QA
843,1,Android dev
844,1,UI designer
845,4,Android dev
846,1,QA
847,2,Android dev
848,1,Android dev
849,3,Android dev
850,1,Mobile
851,1,Android dev
852,5,Android dev
853,1,UI designer
854,2,Frontend dev
855,3,UI designer
856,5,PM
857,1,Android dev
858,2,Mobile
859,1,UX designer
860,2,PM
861,1,PM
862,1,PM
863,1,IOS dev
864,1,IOS dev
865,1,UX designer
866,2,Backend dev
867,1,Frontend dev
868,1,PM
869,1,Mobile
870,3,PM
871,2,UX designer
872,5,Mobile
873,2,Android dev
874,1,Android dev
875,2,PM
876,1,UX designer
877,3,Backend dev
878,1,Android dev
879,2,Backend dev
880,3,Mobile
881,2,Android dev
882,3,UI designer
883,3,PM
884,1,Frontend dev
885,2,UI designer
886,2,UX designer
887,2,Frontend dev
888,2,QA
889,5,IOS dev
890,3,Frontend dev
891,3,QA
892,4,Android dev
893,2,Backend dev
894,3,UI designer
895,1,UI designer
896,1,Android dev
897,2,QA
898,1,Android dev
899,1,Frontend dev
900,2,PM
901,1,Frontend dev
902,2,Mobile
903,2,QA
904,3,IOS dev
905,3,UX designer
906,2,Android dev
907,2,UI designer
908,1,IOS dev
909,3,UX designer
910,2,Frontend dev
911,2,Mobile
912,3,UI designer
913,1,Frontend dev
914,1,QA
915,2,IOS dev
916,3,UI designer
917,4,Frontend dev
918,2,PM
919,2,UI designer
920,3,IOS dev
921,2,Mobile
922,3,UI designer
923,2,Android dev
924,2,IOS dev
925,4,Mobile
926,2,Android dev
927,1,Mobile
928,1,UX designer
929,1,UI designer
930,2,UX designer
931,2,PM
932,5,UI designer
933,5,PM
934,2,Android dev
935,1,Android dev
936,1,Android dev
937,3,PM
938,2,Backend dev
939,4,UX designer
940,1,Frontend dev
941,2,Android dev
942,3,UX designer
943,3,Android dev
944,3,UX designer
945,1,UI designer
946,4,IOS dev
947,1,Backend dev
948,2,IOS dev
949,1,QA
950,5,UX designer
951,2,UI designer
952,1,UI designer
953,3,UX designer
954,1,Frontend dev
955,1,IOS dev
956,2,Backend dev
957,1,Frontend dev
958,3,Frontend dev
959,2,PM
960,3,Frontend dev
961,1,PM
962,2,Android dev
963,3,UI designer
964,2,UI designer
965,2,Mobile
966,2,Frontend dev
967,1,UX designer
968,1,Backend dev
969,2,UI designer
970,1,QA
971,2,QA
972,1,Frontend dev
973,1,IOS dev
974,4,QA
975,1,UX designer
976,1,Backend dev
977,2,UI designer
978,3,Android dev
979,2,UI designer
980,2,Frontend dev
981,3,QA
982,2,PM
983,2,Mobile
984,1,UI designer
985,3,UX designer
986,1,Mobile
987,1,Frontend dev
988,1,Frontend dev
989,1,PM
990,3,Android dev
991,1,Backend dev
992,5,QA
993,1,Backend dev
994,3,Backend dev
995,2,UI designer
996,1,PM
997,1,QA
998,1,Mobile
999,1,PM
1000,2,QA
1001,2,Backend dev
1002,1,UI designer
1003,1,Frontend dev
1004,1,Backend dev
1005,3,IOS dev
1006,1,PM
1007,1,QA
1008,1,UI designer
1009,1,UX designer
1010,1,Mobile
1011,2,QA
1012,1,PM
1013,5,Mobile
1014,5,QA
1015,2,Android dev
1016,4,Android dev
1017,5,Frontend dev
1018,1,Frontend dev
1019,2,UI designer
1020,1,IOS dev
1021,4,Frontend dev
1022,1,UI designer
1023,2,QA
1024,2,Android dev
1025,2,QA
1026,2,Frontend dev
1027,2,Frontend dev
1028,2,QA
1029,1,UI designer
1030,2,Backend dev
1031,2,IOS dev
1032,3,UI designer
1033,1,UI designer
1034,1,Frontend dev
1035,2,QA
1036,3,UI designer
1037,3,UI designer
1038,3,UI designer
1039,2,UI designer
1040,3,PM
1041,1,QA
1042,3,Android dev
1043,2,QA
1044,1,UX designer
1045,3,QA
1046,2,Android dev
1047,2,UX designer
1048,1,Frontend dev
1049,3,QA
1050,3,UI designer
1051,2,UI designer
1052,1,UI designer
1053,1,Android dev
1054,3,Frontend dev
1055,3,PM
1056,1,UI designer
1057,1,Mobile
1058,5,Android dev
1059,1,Backend dev
1060,5,Backend dev
1061,1,Frontend dev
1062,4,UI designer
1063,1,Backend dev
1064,5,PM
1065,1,PM
1066,1,UI designer
1067,1,Frontend dev
1068,2,Mobile
1069,2,UX designer
1070,2,IOS dev
1071,5,PM
1072,3,IOS dev
1073,1,Android dev
1074,2,PM
1075,1,PM
1076,2,UI designer
1077,3,UI designer
1078,3,Frontend dev
1079,1,Backend dev
1080,2,PM
1081,2,Frontend dev
1082,2,Mobile
1083,1,UX designer
1084,5,UX designer
1085,1,PM
1086,1,Backend dev
1087,1,UI designer
1088,2,UI designer
1089,2,PM
1090,4,Backend dev
1091,1,Android dev
1092,2,UI designer
1093,2,IOS dev
1094,2,Mobile
1095,4,Backend dev
1096,1,Backend dev
1097,5,QA
1098,3,QA
1099,1,Mobile
1100,2,QA
1101,1,PM
1102,3,UI designer
1103,3,IOS dev
1104,2,QA
1105,2,Frontend dev
1106,5,PM
1107,4,UI designer
1108,2,Mobile
1109,2,Android dev
1110,2,UI designer
1111,2,PM
1112,1,IOS dev
1113,1,Frontend dev
1114,2,Mobile
1115,1,Frontend dev
1116,1,Android dev
1117,5,Frontend dev
1118,2,PM
1119,1,UI designer
1120,2,PM
1121,1,UX designer
1122,4,Mobile
1123,1,UX designer
1124,3,QA
1125,1,UX designer
1126,2,Mobile
1127,4,UI designer
1128,1,UI designer
1129,2,IOS dev
1130,2,PM
1131,3,Mobile
1132,2,PM
1133,2,UX designer
1134,3,Android dev
1135,2,Mobile
1136,1,Mobile
1137,2,IOS dev
1138,3,Android dev
1139,1,Mobile
1140,3,QA
1141,4,UX designer
1142,1,QA
1143,4,Backend dev
1144,2,Frontend dev
1145,1,Backend dev
1146,2,PM
1147,2,UI designer
1148,2,IOS dev
1149,2,UX designer
1150,1,IOS dev
1151,2,QA
1152,3,Frontend dev
1153,5,UI designer
1154,2,Android dev
1155,2,UI designer
1156,5,IOS dev
1157,2,QA
1158,2,Frontend dev
1159,2,UX designer
1160,3,Frontend dev
1161,2,Android dev
1162,2,UI designer
1163,1,IOS dev
1164,1,QA
1165,2,Frontend dev
1166,2,Mobile
1167,2,Android dev
1168,3,IOS dev
1169,3,Backend dev
1170,2,PM
1171,3,Mobile
1172,1,IOS dev
1173,2,Mobile
1174,2,Android dev
1175,4,UX designer
1176,2,Mobile
1177,1,Backend dev
1178,1,UI designer
1179,3,PM
1180,2,Backend dev
1181,2,IOS dev
1182,2,QA
1183,2,PM
1184,1,UX designer
1185,2,IOS dev
1186,3,PM
1187,2,Android dev
1188,1,Frontend dev
1189,1,Backend dev
1190,1,UX designer
1191,1,Backend dev
1192,2,QA
1193,2,UI designer
1194,3,Backend dev
1195,2,IOS dev
1196,1,IOS dev
1197,1,PM
1198,1,UI designer
1199,2,Android dev
1200,1,QA
1201,2,UX designer
1202,3,UI designer
1203,2,Frontend dev
1204,1,QA
1205,2,QA
1206,4,UX designer
1207,2,Backend dev
1208,1,UX designer
1209,1,UI designer
1210,1,UX designer
1211,3,IOS dev
1212,1,Backend dev
1213,1,UX designer
1214,2,Mobile
1215,1,Mobile
1216,2,IOS dev
1217,4,Android dev
1218,2,PM
1219,5,Android dev
1220,2,QA
1221,2,UI designer
1222,1,Frontend dev
1223,2,Backend dev
1224,2,QA
1225,2,Frontend dev
1226,1,Backend dev
1227,5,UX designer
1228,4,Android dev
1229,2,UI designer
1230,3,IOS dev
1231,2,IOS dev
1232,1,UX designer
1233,3,UI designer
1234,1,Android dev
1235,4,IOS dev
1236,2,UX designer
1237,2,QA
1238,5,Android dev
1239,2,UX designer
1240,2,Backend dev
1241,1,UX designer
1242,1,UI designer
1243,1,IOS dev
1244,5,IOS dev
1245,1,UI designer
1246,1,PM
1247,3,UI designer
1248,1,Android dev
1249,1,QA
1250,3,IOS dev
1251,4,Backend dev
1252,4,Mobile
1253,1,UX designer
1254,3,QA
1255,2,UX designer
1256,4,Mobile
1257,1,Backend dev
1258,2,IOS dev
1259,1,Mobile
1260,3,UX designer
1261,3,Frontend dev
1262,3,UX designer
1263,1,QA
1264,1,Frontend dev
1265,3,Frontend dev
1266,3,Mobile
1267,3,Frontend dev
1268,1,Mobile
1269,3,Frontend dev
1270,1,UX designer
1271,2,UX designer
1272,4,PM
1273,2,Frontend dev
1274,2,UX designer
1275,4,Mobile
1276,1,Android dev
1277,2,Android dev
1278,3,QA
1279,2,Frontend dev
1280,1,Frontend dev
1281,2,Backend dev
1282,4,Backend dev
1283,3,Frontend dev
1284,1,UX designer
1285,3,Backend dev
1286,2,Backend dev
1287,2,QA
1288,2,IOS dev
1289,2,PM
1290,1,PM
1291,3,UI designer
1292,3,PM
1293,4,UI designer
1294,3,Mobile
1295,2,QA
1296,2,UI designer
1297,1,Frontend dev
1298,2,Mobile
1299,2,QA
1300,5,UX designer
1301,1,Mobile
1302,2,QA
1303,1,UI designer
1304,5,IOS dev
1305,1,UI designer
1306,1,Android dev
1307,1,QA
1308,1,Frontend dev
1309,2,UX designer
1310,2,IOS dev
1311,2,IOS dev
1312,1,UI designer
1313,2,QA
1314,1,Frontend dev
1315,2,Android dev
1316,4,QA
1317,1,Backend dev
1318,2,UX designer
1319,4,Backend dev
1320,2,Frontend dev
1321,1,Mobile
1322,1,Mobile
1323,1,UX designer
1324,5,PM
1325,1,IOS dev
1326,2,Android dev
1327,2,Backend dev
1328,1,Android dev
1329,2,Backend dev
1330,1,Android dev
1331,2,PM
1332,1,QA
1333,3,Backend dev
1334,2,UX designer
1335,2,UX designer
1336,2,Frontend dev
1337,3,Backend dev
1338,2,UI designer
1339,1,UI designer
1340,1,Mobile
1341,1,Backend dev
1342,1,Android dev
1343,1,IOS dev
1344,2,IOS dev
1345,2,Mobile
1346,1,QA
1347,2,Backend dev
1348,2,UX designer
1349,1,Backend dev
1350,1,Backend dev
1351,3,Mobile
1352,2,Mobile
1353,2,QA
1354,2,UX designer
1355,2,UI designer
1356,2,UI designer
1357,3,UI designer
1358,3,UX designer
1359,2,UX designer
1360,3,Backend dev
1361,4,UI designer
1362,5,Android dev
1363,2,PM
1364,3,Mobile
1365,5,UI designer
1366,1,Frontend dev
1367,1,Backend dev
1368,3,IOS dev
1369,3,UI designer
1370,1,UX designer
1371,4,UX designer
1372,2,UX designer
1373,1,Backend dev
1374,1,UI designer
1375,2,Backend dev
1376,2,Mobile
1377,1,Frontend dev
1378,2,UI designer
1379,4,Frontend dev
1380,1,UX designer
1381,2,PM
1382,1,Frontend dev
1383,2,UI designer
1384,2,Backend dev
1385,2,Android dev
1386,1,Frontend dev
1387,2,IOS dev
1388,4,Frontend dev
1389,1,QA
1390,2,Frontend dev
1391,2,Frontend dev
1392,1,IOS dev
1393,2,QA
1394,2,Frontend dev
1395,5,Android dev
1396,3,Frontend dev
1397,1,UI designer
1398,1,Android dev
1399,2,Mobile
1400,2,Frontend dev
1401,1,UX designer
1402,2,PM
1403,2,QA
1404,1,Backend dev
1405,2,PM
1406,1,PM
1407,1,Android dev
1408,1,Backend dev
1409,2,UX designer
1410,2,QA
1411,5,IOS dev
1412,1,Android dev
1413,1,PM
1414,2,Mobile
1415,4,QA
1416,1,PM
1417,3,UI designer
1418,2,UI designer
1419,4,UI designer
1420,2,Mobile
1421,1,UI designer
1422,5,Mobile
1423,1,Backend dev
1424,2,UX designer
1425,1,Frontend dev
1426,1,PM
1427,2,PM
1428,2,Android dev
1429,2,QA
1430,1,Frontend dev
1431,2,Android dev
1432,2,UI designer
1433,1,Backend dev
1434,3,UI designer
1435,2,IOS dev
1436,4,Backend dev
1437,3,Mobile
1438,3,Mobile
1439,2,Frontend dev
1440,1,UI designer
1441,1,Mobile
1442,1,UI designer
1443,4,UX designer
1444,2,UI designer
1445,1,UX designer
1446,2,IOS dev
1447,1,Android dev
1448,2,Backend dev
1449,2,UI designer
1450,1,IOS dev
1451,3,QA
1452,3,PM
1453,2,UI designer
1454,4,PM
1455,2,Mobile
1456,1,UX designer
1457,2,IOS dev
1458,1,UI designer
1459,1,IOS dev
1460,1,Frontend dev
1461,2,PM
1462,3,UI designer
1463,1,IOS dev
1464,1,Backend dev
1465,2,IOS dev
1466,1,Frontend dev
1467,1,Mobile
1468,2,PM
1469,1,UI designer
1470,2,Android dev
1471,1,PM
1472,1,Frontend dev
1473,4,Mobile
1474,3,Backend dev
1475,1,PM
1476,4,IOS dev
1477,2,Android dev
1478,2,Backend dev
1479,3,Frontend dev
1480,4,Backend dev
1481,2,Frontend dev
1482,1,IOS dev
1483,1,Backend dev
1484,1,PM
1485,1,PM
1486,2,PM
1487,1,Frontend dev
1488,2,PM
1489,1,QA
1490,1,Backend dev
1491,2,Android dev
1492,1,UI designer
1493,2,PM
1494,1,PM
1495,1,Backend dev
1496,1,Android dev
1497,1,Android dev
1498,1,Backend dev
1499,2,Backend dev
1500,1,Mobile
1501,3,IOS dev
1502,1,Frontend dev
1503,2,Android dev
1504,3,QA
1505,1,QA
1506,2,Mobile
1507,1,PM
1508,3,Backend dev
1509,1,Android dev
1510,1,IOS dev
1511,3,Frontend dev
1512,2,UX designer
1513,1,Mobile
1514,1,Mobile
1515,1,UX designer
1516,1,Mobile
1517,2,Backend dev
1518,1,IOS dev
1519,2,PM
1520,3,PM
1521,2,Frontend dev
1522,3,UI designer
1523,2,Mobile
1524,1,Mobile
1525,2,Frontend dev
1526,4,Frontend dev
1527,1,Mobile
1528,4,UI designer
1529,3,PM
1530,2,PM
1531,3,UX designer
1532,3,Android dev
1533,4,IOS dev
1534,2,PM
1535,2,IOS dev
1536,1,UX designer
1537,4,Mobile
1538,1,Backend dev
1539,1,Backend dev
1540,1,QA
1541,4,Backend dev
1542,2,UX designer
1543,5,PM
1544,1,UI designer
1545,2,Backend dev
1546,2,QA
1547,1,Backend dev
1548,4,UI designer
1549,1,PM
1550,3,IOS dev
1551,2,UI designer
1552,1,UX designer
1553,2,QA
1554,1,UI designer
1555,3,QA
1556,3,UI designer
1557,3,Mobile
1558,1,UI designer
1559,1,Android dev
1560,2,Frontend dev
1561,1,Backend dev
1562,2,UX designer
1563,3,PM
1564,2,Frontend dev
1565,4,QA
1566,2,Backend dev
1567,1,Mobile
1568,5,IOS dev
1569,1,UI designer
1570,4,Mobile
1571,2,Android dev
1572,2,Frontend dev
1573,5,PM
1574,2,Frontend dev
1575,2,UX designer
1576,5,QA
1577,4,PM
1578,2,IOS dev
1579,1,UX designer
1580,3,Frontend dev
1581,1,UI designer
1582,4,UX designer
1583,1,UX designer
1584,2,Backend dev
1585,3,Backend dev
1586,1,Mobile
1587,3,QA
1588,2,Android dev
1589,1,QA
1590,1,QA
1591,1,IOS dev
1592,1,IOS dev
1593,5,Android dev
1594,2,Backend dev
1595,2,Backend dev
1596,1,Frontend dev
1597,5,Frontend dev
1598,3,PM
1599,1,PM
1600,3,Mobile
1601,4,UI designer
1602,3,Backend dev
1603,1,PM
1604,1,Backend dev
1605,2,UX designer
1606,1,UI designer
1607,3,UI designer
1608,1,Frontend dev
1609,2,Android dev
1610,1,IOS dev
1611,3,UI designer
1612,3,Android dev
1613,1,IOS dev
1614,3,Android dev
1615,2,UI designer
1616,3,PM
1617,3,PM
1618,3,UX designer
1619,2,UI designer
1620,1,Android dev
1621,2,IOS dev
1622,2,Mobile
1623,1,PM
1624,1,Android dev
1625,1,Backend dev
1626,4,Android dev
1627,1,Frontend dev
1628,2,IOS dev
1629,2,Mobile
1630,1,UI designer
1631,4,PM
1632,2,Android dev
1633,3,Backend dev
1634,3,Backend dev
1635,1,IOS dev
1636,3,QA
1637,4,UI designer
1638,3,UX designer
1639,3,IOS dev
1640,4,UI designer
1641,5,IOS dev
1642,1,PM
1643,2,IOS dev
1644,2,Frontend dev
1645,1,Mobile
1646,1,QA
1647,2,QA
1648,4,UI designer
1649,2,QA
1650,1,Mobile
1651,2,UI designer
1652,2,Mobile
1653,1,QA
1654,1,Backend dev
1655,1,UX designer
1656,2,UI designer
1657,1,Backend dev
1658,1,UX designer
1659,2,IOS dev
1660,1,Mobile
1661,2,UI designer
1662,1,Android dev
1663,3,UI designer
1664,3,QA
1665,4,Mobile
1666,2,Android dev
1667,1,UI designer
1668,1,Android dev
1669,1,PM
1670,1,UI designer
1671,2,Backend dev
1672,2,Android dev
1673,3,UX designer
1674,2,PM
1675,1,Mobile
1676,2,IOS dev
1677,1,Android dev
1678,5,UX designer
1679,1,IOS dev
1680,1,Mobile
1681,1,IOS dev
1682,2,PM
1683,1,Mobile
1684,1,UI designer
1685,5,UI designer
1686,1,Mobile
1687,1,UX designer
1688,4,Backend dev
1689,1,UI designer
1690,1,IOS dev
1691,1,UX designer
1692,2,Frontend dev
1693,2,UI designer
1694,4,QA
1695,1,Frontend dev
1696,5,UX designer
1697,2,IOS dev
1698,1,IOS dev
1699,2,UX designer
1700,1,IOS dev
1701,2,Frontend dev
1702,2,UX designer
1703,1,Backend dev
1704,2,Mobile
1705,2,UI designer
1706,2,UX designer
1707,1,UI designer
1708,2,UI designer
1709,3,Android dev
1710,1,UX designer
1711,2,IOS dev
1712,2,UI designer
1713,1,Mobile
1714,3,Frontend dev
1715,3,UI designer
1716,1,IOS dev
1717,3,Android dev
1718,1,UI designer
1719,1,QA
1720,1,PM
1721,4,IOS dev
1722,2,Backend dev
1723,2,PM
1724,2,Android dev
1725,5,Mobile
1726,5,Android dev
1727,1,IOS dev
1728,1,Frontend dev
1729,1,IOS dev
1730,2,IOS dev
1731,5,QA
1732,4,IOS dev
1733,1,UI designer
1734,5,PM
1735,3,PM
1736,1,Frontend dev
1737,1,PM
1738,1,QA
1739,1,UX designer
1740,5,Mobile
1741,4,UI designer
1742,1,UX designer
1743,5,UI designer
1744,2,Frontend dev
1745,5,Android dev
1746,3,Backend dev
1747,2,IOS dev
1748,1,Backend dev
1749,5,UI designer
1750,2,Android dev
1751,1,Backend dev
1752,2,Mobile
1753,3,UX designer
1754,2,Android dev
1755,3,UI designer
1756,1,QA
1757,1,UX designer
1758,2,Android dev
1759,1,Android dev
1760,1,IOS dev
1761,1,UI designer
1762,2,PM
1763,5,PM
1764,4,UI designer
1765,1,UX designer
1766,2,UI designer
1767,1,Mobile
1768,2,Mobile
1769,3,Mobile
1770,1,IOS dev
1771,2,UI designer
1772,4,PM
1773,3,UX designer
1774,3,QA
1775,3,Mobile
1776,2,UX designer
1777,3,UI designer
1778,2,Android dev
1779,1,UI designer
1780,1,Mobile
1781,4,IOS dev
1782,5,Android dev
1783,5,QA
1784,1,UI designer
1785,3,Android dev
1786,2,Frontend dev
1787,2,UX designer
1788,2,Mobile
1789,4,Mobile
1790,2,IOS dev
1791,2,UI designer
1792,1,Backend dev
1793,3,PM
1794,1,Mobile
1795,2,UX designer
1796,3,Mobile
1797,1,PM
1798,4,Mobile
1799,1,UI designer
1800,2,Mobile
1801,2,Frontend dev
1802,4,UI designer
1803,4,PM
1804,1,Mobile
1805,2,QA
1806,2,UX designer
1807,1,UI designer
1808,2,IOS dev
1809,1,QA
1810,2,Frontend dev
1811,2,Android dev
1812,2,QA
1813,2,Mobile
1814,3,IOS dev
1815,2,UX designer
1816,1,IOS dev
1817,2,PM
1818,2,UI designer
1819,3,UI designer
1820,2,PM
1821,4,QA
1822,2,Frontend dev
1823,2,UI designer
1824,1,PM
1825,1,IOS dev
1826,4,UX designer
1827,1,UX designer
1828,1,UX designer
1829,3,UI designer
1830,1,PM
1831,1,QA
1832,3,PM
1833,2,UX designer
1834,3,Android dev
1835,4,UI designer
1836,5,QA
1837,4,Backend dev
1838,2,Android dev
1839,1,IOS dev
1840,2,Frontend dev
1841,4,Backend dev
1842,1,Frontend dev
1843,1,Mobile
1844,1,Mobile
1845,2,UX designer
1846,2,Android dev
1847,1,PM
1848,1,PM
1849,1,PM
1850,1,Backend dev
1851,4,UX designer
1852,2,Backend dev
1853,2,Backend dev
1854,1,Backend dev
1855,1,Frontend dev
1856,2,QA
1857,3,Backend dev
1858,3,UI designer
1859,1,Android dev
1860,3,UX designer
1861,3,Frontend dev
1862,1,QA
1863,1,IOS dev
1864,3,Mobile
1865,2,UI designer
1866,1,Mobile
1867,3,Frontend dev
1868,2,UI designer
1869,1,QA
1870,4,QA
1871,2,IOS dev
1872,1,Frontend dev
1873,1,QA
1874,2,Android dev
1875,2,UX designer
1876,2,Frontend dev
1877,1,PM
1878,2,UX designer
1879,1,IOS dev
1880,2,IOS dev
1881,3,PM
1882,4,Mobile
1883,1,PM
1884,2,Frontend dev
1885,2,QA
1886,1,Android dev
1887,1,Backend dev
1888,1,UX designer
1889,3,Android dev
1890,2,UI designer
1891,1,PM
1892,2,Android dev
1893,1,Backend dev
1894,2,Mobile
1895,1,Backend dev
1896,1,UI designer
1897,2,Backend dev
1898,2,UI designer
1899,1,UX designer
1900,2,IOS dev
1901,2,PM
1902,3,Backend dev
1903,4,Mobile
1904,1,QA
1905,4,Backend dev
1906,3,QA
1907,4,Android dev
1908,3,QA
1909,2,Android dev
1910,1,PM
1911,3,UI designer
1912,1,IOS dev
1913,4,Frontend dev
1914,1,Mobile
1915,1,PM
1916,2,UX designer
1917,2,PM
1918,2,PM
1919,1,UI designer
1920,3,Android dev
1921,2,Mobile
1922,2,UI designer
1923,4,Backend dev
1924,1,QA
1925,2,Frontend dev
1926,3,UI designer
1927,1,Mobile
1928,2,PM
1929,1,Backend dev
1930,2,UI designer
1931,1,PM
1932,2,Android dev
1933,2,Mobile
1934,2,QA
1935,1,QA
1936,3,PM
1937,1,QA
1938,3,UI designer
1939,2,QA
1940,2,QA
1941,1,Backend dev
1942,1,Android dev
1943,5,Backend dev
1944,2,Frontend dev
1945,1,PM
1946,2,Backend dev
1947,2,Frontend dev
1948,2,QA
1949,1,UX designer
1950,2,Frontend dev
1951,3,Mobile
1952,2,UX designer
1953,5,Mobile
1954,1,Backend dev
1955,2,Frontend dev
1956,5,Frontend dev
1957,2,IOS dev
1958,2,Backend dev
1959,2,UX designer
1960,1,PM
1961,1,Backend dev
1962,4,UI designer
1963,1,Frontend dev
1964,1,QA
1965,4,QA
1966,1,Mobile
1967,5,UI designer
1968,1,Backend dev
1969,2,QA
1970,2,Mobile
1971,2,IOS dev
1972,2,Mobile
1973,2,QA
1974,1,UX designer
1975,2,UI designer
1976,1,QA
1977,2,Mobile
1978,2,Frontend dev
1979,1,Frontend dev
1980,1,Frontend dev
1981,5,QA
1982,2,UI designer
1983,2,PM
1984,5,Backend dev
1985,4,IOS dev
1986,2,IOS dev
1987,5,Mobile
1988,3,IOS dev
1989,3,Backend dev
1990,4,UX designer
1991,5,QA
1992,3,Android dev
1993,2,QA
1994,2,UX designer
1995,2,QA
1996,2,PM
1997,3,Mobile
1998,2,Mobile
1999,3,Android dev
2000,2,PM
2001,2,UI designer
2002,3,PM
2003,2,Frontend dev
2004,3,IOS dev
2005,2,Android dev
2006,2,UI designer
2007,2,Mobile
2008,2,Android dev
2009,2,UI designer
2010,3,IOS dev
2011,2,UX designer
2012,4,Android dev
2013,2,Mobile
2014,3,IOS dev
2015,4,UI designer
2016,2,Backend dev
2017,3,Mobile
2018,2,UX designer
2019,4,PM
2020,2,Android dev
2021,2,Mobile
2022,4,PM
2023,3,QA
2024,2,Mobile
2025,2,Android dev
2026,2,Backend dev
2027,2,UI designer
2028,3,UI designer
2029,2,Backend dev
2030,3,Backend dev
2031,4,Backend dev
2032,3,Android dev
2033,4,IOS dev
2034,3,UI designer
2035,2,QA
2036,3,Frontend dev
2037,5,QA
2038,2,Mobile
2039,5,UI designer
2040,4,UI designer
2041,3,Android dev
2042,4,Mobile
2043,4,PM
2044,5,UI designer
2045,3,Mobile
2046,3,QA
2047,2,Backend dev
2048,5,Android dev
2049,2,Frontend dev
2050,2,PM
2051,2,Mobile
2052,5,Frontend dev
2053,3,Backend dev
2054,6,Frontend dev
2055,2,QA
2056,3,UI designer
2057,3,Android dev
2058,2,UI designer
2059,5,Backend dev
2060,2,UI designer
2061,4,UI designer
2062,3,QA
2063,2,UI designer
2064,3,IOS dev
2065,2,Android dev
2066,4,Backend dev
2067,4,Frontend dev
2068,4,Android dev
2069,2,UI designer
2070,2,Mobile
2071,3,Frontend dev
2072,2,Backend dev
2073,3,QA
2074,4,UX designer
2075,3,PM
2076,5,IOS dev
2077,3,QA
2078,2,Android dev
2079,6,IOS dev
2080,2,Android dev
2081,5,UI designer
2082,3,IOS dev
2083,3,UX designer
2084,6,Mobile
2085,3,UI designer
2086,3,Android dev
2087,6,IOS dev
2088,5,Frontend dev
2089,3,Android dev
2090,2,IOS dev
2091,4,UX designer
2092,2,PM
2093,5,UI designer
2094,2,Android dev
2095,3,UI designer
2096,4,PM
2097,2,IOS dev
2098,4,Mobile
2099,3,Mobile
2100,2,Android dev
2101,2,UI designer
2102,2,Frontend dev
2103,2,Backend dev
2104,6,Frontend dev
2105,3,PM
2106,3,Mobile
2107,2,Backend dev
2108,6,Backend dev
2109,4,PM
2110,2,PM
2111,4,Mobile
2112,5,Backend dev
2113,4,UX designer
2114,2,UX designer
2115,2,QA
2116,3,UX designer
2117,2,PM
2118,4,Mobile
2119,2,Mobile
2120,3,PM
2121,2,UX designer
2122,4,Mobile
2123,4,Backend dev
2124,2,UX designer
2125,4,Android dev
2126,3,PM
2127,4,UX designer
2128,4,PM
2129,4,UI designer
2130,3,UI designer
2131,2,IOS dev
2132,3,PM
2133,3,Mobile
2134,2,IOS dev
2135,2,UX designer
2136,2,QA
2137,5,Mobile
2138,2,PM
2139,3,Backend dev
2140,3,UX designer
2141,2,Android dev
2142,5,PM
2143,3,Frontend dev
2144,4,Android dev
2145,4,QA
2146,2,UI designer
2147,4,UI designer
2148,5,Backend dev
2149,4,Mobile
2150,4,UX designer
2151,5,Backend dev
2152,6,PM
2153,2,UI designer
2154,3,UI designer
2155,3,Frontend dev
2156,2,UI designer
2157,2,Frontend dev
2158,3,PM
2159,5,QA
2160,3,QA
2161,2,QA
2162,3,QA
2163,3,UI designer
2164,2,UI designer
2165,2,Frontend dev
2166,2,IOS dev
2167,3,Android dev
2168,2,UI designer
2169,2,PM
2170,3,UX designer
2171,2,IOS dev
2172,3,QA
2173,2,PM
2174,4,Android dev
2175,4,QA
2176,5,Frontend dev
2177,3,PM
2178,2,IOS dev
2179,2,Mobile
2180,2,QA
2181,2,IOS dev
2182,3,UI designer
2183,3,Mobile
2184,4,UI designer
2185,3,IOS dev
2186,2,QA
2187,3,Frontend dev
2188,2,UX designer
2189,6,IOS dev
2190,2,PM
2191,2,UI designer
2192,2,Android dev
2193,3,PM
2194,2,QA
2195,2,PM
2196,6,UI designer
2197,2,UI designer
2198,2,Backend dev
2199,5,Mobile
2200,2,Android dev
2201,2,Mobile
2202,2,Mobile
2203,3,UI designer
2204,3,PM
2205,5,Android dev
2206,2,Backend dev
2207,6,UI designer
2208,3,Android dev
2209,2,UI designer
2210,2,IOS dev
2211,2,UI designer
2212,5,UI designer
2213,4,Mobile
2214,2,UI designer
2215,5,IOS dev
2216,3,UI designer
2217,3,QA
2218,4,QA
2219,5,QA
2220,3,IOS dev
2221,2,IOS dev
2222,2,Android dev
2223,2,Backend dev
2224,2,Frontend dev
2225,3,Frontend dev
2226,2,IOS dev
2227,3,QA
2228,2,PM
2229,2,Frontend dev
2230,3,UI designer
2231,2,QA
2232,3,Android dev
2233,2,UI designer
2234,2,QA
2235,2,QA
2236,2,IOS dev
2237,2,QA
2238,3,QA
2239,2,UI designer
2240,4,UX designer
2241,2,Mobile
2242,3,Backend dev
2243,4,Backend dev
2244,2,UI designer
2245,3,IOS dev
2246,2,UI designer
2247,4,UI designer
2248,2,UX designer
2249,2,Frontend dev
2250,4,Mobile
2251,3,UX designer
2252,2,UI designer
2253,2,Mobile
2254,2,QA
2255,2,Backend dev
2256,3,QA
2257,2,UI designer
2258,3,Mobile
2259,4,UI designer
2260,3,PM
2261,4,Backend dev
2262,3,UX designer
2263,2,Backend dev
2264,3,Android dev
2265,5,Mobile
2266,2,QA
2267,5,Frontend dev
2268,4,UI designer
2269,3,UI designer
2270,4,UI designer
2271,4,PM
2272,5,IOS dev
2273,3,UI designer
2274,3,IOS dev
2275,2,Mobile
2276,5,IOS dev
2277,2,Android dev
2278,2,Frontend dev
2279,2,UX designer
2280,5,Frontend dev
2281,3,Frontend dev
2282,6,Backend dev
2283,2,Mobile
2284,3,Mobile
2285,3,Frontend dev
2286,2,UX designer
2287,5,Android dev
2288,2,Android dev
2289,4,PM
2290,3,UX designer
2291,2,Backend dev
2292,3,UI designer
2293,2,UI designer
2294,4,Frontend dev
2295,4,QA
2296,4,Backend dev
2297,2,UI designer
2298,2,Backend dev
2299,3,QA
2300,2,UI designer
2301,3,Android dev
2302,4,Android dev
2303,3,UX designer
2304,5,Backend dev
2305,3,UI designer
2306,2,Android dev
2307,6,Frontend dev
2308,2,UI designer
2309,5,UX designer
2310,3,QA
2311,3,UI designer
2312,6,Backend dev
2313,3,UX designer
2314,3,UI designer
2315,6,UI designer
2316,5,Mobile
2317,3,IOS dev
2318,2,QA
2319,4,Android dev
2320,2,Mobile
2321,5,Mobile
2322,2,IOS dev
2323,3,Android dev
2324,4,IOS dev
2325,2,Android dev
2326,4,IOS dev
2327,3,QA
2328,2,QA
2329,2,QA
2330,2,Frontend dev
2331,2,UI designer
2332,6,PM
2333,3,UX designer
2334,3,Frontend dev
2335,2,Mobile
2336,6,UX designer
2337,4,PM
2338,2,PM
2339,4,Backend dev
2340,5,PM
2341,4,Backend dev
2342,2,Backend dev
2343,2,PM
2344,3,PM
2345,2,Frontend dev
2346,4,UI designer
2347,2,Mobile
2348,3,UX designer
2349,2,UX designer
2350,4,UI designer
2351,4,Backend dev
2352,2,QA
2353,4,UI designer
2354,3,Mobile
2355,4,UX designer
2356,4,IOS dev
2357,4,UI designer
2358,3,PM
2359,2,QA
2360,3,QA
2361,3,IOS dev
2362,2,Backend dev
2363,2,PM
2364,2,PM
2365,5,UX designer
2366,2,UX designer
2367,3,UI designer
2368,3,Mobile
2369,2,UX designer
2370,5,UX designer
2371,3,Android dev
2372,4,PM
2373,4,Mobile
2374,2,IOS dev
2375,4,Mobile
2376,5,UI designer
2377,4,Android dev
2378,4,QA
2379,5,UX designer
2380,6,UI designer
2381,2,Android dev
2382,3,Backend dev
2383,3,Mobile
2384,2,QA
2385,2,UI designer
2386,3,UI designer
2387,5,Mobile
2388,3,Backend dev
2389,2,UX designer
2390,3,UX designer
2391,3,IOS dev
2392,2,Mobile
2393,2,IOS dev
2394,2,Frontend dev
2395,3,UI designer
2396,2,PM
2397,2,UX designer
2398,3,IOS dev
2399,2,Frontend dev
2400,3,Backend dev
2401,2,Android dev
2402,4,UX designer
2403,4,QA
2404,5,QA
2405,3,UX designer
2406,2,UX designer
2407,2,Frontend dev
2408,2,Android dev
2409,2,Backend dev
2410,3,Android dev
2411,3,UI designer
2412,4,IOS dev
2413,3,Frontend dev
2414,2,UI designer
2415,3,Android dev
2416,2,UI designer
2417,6,IOS dev
2418,2,Backend dev
2419,2,PM
2420,2,UX designer
2421,3,UI designer
2422,2,Backend dev
2423,2,Frontend dev
2424,6,Backend dev
2425,2,IOS dev
2426,2,Frontend dev
2427,5,UX designer
2428,2,QA
2429,2,UI designer
2430,2,Mobile
2431,3,UX designer
2432,3,Android dev
2433,5,IOS dev
2434,2,IOS dev
2435,6,PM
2436,3,QA
2437,2,Android dev
2438,3,UI designer
2439,2,Mobile
2440,3,Backend dev
2441,3,Android dev
2442,2,PM
2443,3,UI designer
2444,3,Mobile
2445,3,IOS dev
2446,2,Android dev
2447,3,Frontend dev
2448,4,QA
2449,2,UI designer
2450,3,IOS dev
2451,3,Mobile
2452,2,Backend dev
2453,4,Frontend dev
2454,4,UI designer
2455,2,Frontend dev
2456,4,Android dev
2457,2,UI designer
2458,2,IOS dev
2459,2,Mobile
2460,5,QA
2461,3,UI designer
2462,3,Frontend dev
2463,3,QA
2464,6,PM
2465,6,UI designer
2466,2,UI designer
2467,2,Android dev
2468,2,UX designer
2469,3,Android dev
2470,6,Mobile
2471,5,Backend dev
2472,2,PM
2473,6,Backend dev
2474,4,IOS dev
2475,2,Mobile
2476,2,QA
2477,2,PM
2478,2,IOS dev
2479,6,Backend dev
2480,5,UI designer
2481,2,Frontend dev
2482,6,UI designer
2483,3,PM
2484,6,IOS dev
2485,4,IOS dev
2486,3,QA
2487,2,Backend dev
2488,6,PM
2489,3,IOS dev
2490,2,UI designer
2491,3,Mobile
2492,4,Mobile
2493,3,IOS dev
2494,4,UX designer
2495,2,PM
2496,2,Backend dev
2497,3,Frontend dev
2498,2,QA
2499,2,Mobile
2500,2,Frontend dev
2501,3,QA
2502,6,QA
2503,5,Android dev
2504,2,PM
2505,3,UI designer
2506,2,Android dev
2507,3,Frontend dev
2508,4,IOS dev
2509,2,IOS dev
2510,3,UI designer
2511,5,Frontend dev
2512,4,IOS dev
2513,4,Frontend dev
2514,4,IOS dev
2515,3,Android dev
2516,4,Frontend dev
2517,3,PM
2518,2,QA
2519,2,QA
2520,5,QA
2521,6,PM
2522,6,Mobile
2523,2,Backend dev
2524,4,PM
2525,3,IOS dev
2526,3,UX designer
2527,3,QA
2528,5,Frontend dev
2529,3,PM
2530,3,PM
2531,2,UI designer
2532,4,UI designer
2533,2,UX designer
2534,3,Frontend dev
2535,4,PM
2536,2,Android dev
2537,5,QA
2538,2,Android dev
2539,3,UX designer
2540,3,UI designer
2541,5,PM
2542,5,PM
2543,2,Android dev
2544,3,Android dev
2545,3,UI designer
2546,2,UX designer
2547,3,UI designer
2548,2,IOS dev
2549,3,UI designer
2550,3,PM
2551,3,Mobile
2552,3,Backend dev
2553,4,IOS dev
2554,3,PM
2555,2,UX designer
2556,3,UI designer
2557,3,Backend dev
2558,4,PM
2559,3,UI designer
2560,5,UX designer
2561,3,UI designer
2562,3,Android dev
2563,2,UI designer
2564,2,Android dev
2565,5,PM
2566,2,Mobile
2567,2,PM
2568,4,Frontend dev
2569,2,PM
2570,2,QA
2571,4,UI designer
2572,3,UX designer
2573,4,UX designer
2574,5,Backend dev
2575,6,Mobile
2576,5,PM
2577,3,Mobile
2578,2,Frontend dev
2579,3,PM
2580,5,PM
2581,2,QA
2582,2,Backend dev
2583,2,Android dev
2584,3,IOS dev
2585,3,IOS dev
2586,2,Android dev
2587,2,Mobile
2588,2,Backend dev
2589,2,QA
2590,5,Android dev
2591,3,Mobile
2592,3,Mobile
2593,2,Android dev
2594,2,PM
2595,3,Mobile
2596,4,UX designer
2597,4,PM
2598,2,Android dev
2599,4,PM
2600,4,QA
2601,2,UX designer
2602,2,Mobile
2603,4,UI designer
2604,3,Frontend dev
2605,2,IOS dev
2606,4,IOS dev
2607,3,Frontend dev
2608,2,PM
2609,5,Mobile
2610,3,Mobile
2611,2,UX designer
2612,2,UX designer
2613,3,IOS dev
2614,3,QA
2615,3,UX designer
2616,2,QA
2617,3,Backend dev
2618,2,Android dev
2619,3,PM
2620,4,Backend dev
2621,5,IOS dev
2622,2,QA
2623,3,IOS dev
2624,3,Android dev
2625,2,Android dev
2626,2,Android dev
2627,2,UI designer
2628,4,UX designer
2629,3,UX designer
2630,2,Mobile
2631,3,Mobile
2632,2,Frontend dev
2633,3,IOS dev
2634,2,PM
2635,2,Frontend dev
2636,3,PM
2637,3,UI designer
2638,2,UI designer
2639,3,QA
2640,3,UI designer
2641,4,Android dev
2642,5,Android dev
2643,2,Mobile
2644,5,Android dev
2645,4,Android dev
2646,5,UX designer
2647,4,Backend dev
2648,3,UX designer
2649,2,IOS dev
2650,4,Frontend dev
2651,2,UI designer
2652,5,Mobile
2653,2,Mobile
2654,2,Mobile
2655,3,Mobile
2656,3,UI designer
2657,3,UX designer
2658,2,Mobile
2659,4,UX designer
2660,3,Frontend dev
2661,3,UX designer
2662,5,Backend dev
2663,2,UX designer
2664,3,QA
2665,4,UI designer
2666,2,Backend dev
2667,3,UI designer
2668,2,Android dev
2669,3,UI designer
2670,2,PM
2671,3,IOS dev
2672,3,Android dev
2673,3,Mobile
2674,2,UI designer
2675,4,Android dev
2676,2,UI designer
2677,4,Frontend dev
2678,3,Frontend dev
2679,3,IOS dev
2680,2,Backend dev
2681,2,UI designer
2682,6,QA
2683,3,UX designer
2684,2,Frontend dev
2685,3,UX designer
2686,3,Mobile
2687,3,UI designer
2688,2,PM
2689,3,Android dev
2690,4,QA
2691,3,PM
2692,6,PM
2693,2,QA
2694,3,Backend dev
2695,6,Mobile
2696,3,QA
2697,3,IOS dev
2698,3,PM
2699,2,Android dev
2700,2,QA
2701,5,IOS dev
2702,2,Android dev
2703,2,UI designer
2704,5,Android dev
2705,2,UI designer
2706,6,UX designer
2707,2,Backend dev
2708,3,QA
2709,3,Frontend dev
2710,3,PM
2711,3,IOS dev
2712,3,UI designer
2713,2,Mobile
2714,3,Android dev
2715,2,UI designer
2716,3,QA
2717,3,UX designer
2718,2,UX designer
2719,2,Android dev
2720,6,Backend dev
2721,3,Mobile
2722,4,UI designer
2723,3,Android dev
2724,3,QA
2725,3,Frontend dev
2726,3,Mobile
2727,4,PM
2728,4,UI designer
2729,2,IOS dev
2730,4,PM
2731,3,QA
2732,5,IOS dev
2733,3,Android dev
2734,2,UI designer
2735,2,QA
2736,2,Frontend dev
2737,2,UX designer
2738,3,UI designer
2739,4,Mobile
2740,3,QA
2741,3,UX designer
2742,5,Mobile
2743,4,PM
2744,2,Mobile
2745,3,UI designer
2746,2,UX designer
2747,5,Android dev
2748,3,QA
2749,3,Mobile
2750,5,IOS dev
2751,5,IOS dev
2752,3,Frontend dev
2753,3,Android dev
2754,3,Mobile
2755,3,Backend dev
2756,3,Android dev
2757,3,Android dev
2758,2,Frontend dev
2759,2,IOS dev
2760,5,PM
2761,5,Android dev
2762,4,IOS dev
2763,2,IOS dev
2764,3,UX designer
2765,3,QA
2766,2,UI designer
2767,2,UI designer
2768,2,UI designer
2769,4,UX designer
2770,2,Backend dev
2771,2,QA
2772,2,Backend dev
2773,2,Mobile
2774,3,UX designer
2775,4,Frontend dev
2776,2,UI designer
2777,3,QA
2778,2,Android dev
2779,2,IOS dev
2780,4,IOS dev
2781,2,QA
2782,3,QA
2783,2,UI designer
2784,4,QA
2785,2,UX designer
2786,3,Mobile
2787,4,IOS dev
2788,2,Android dev
2789,5,IOS dev
2790,2,PM
2791,5,UI designer
2792,2,Android dev
2793,2,Frontend dev
2794,3,PM
2795,3,Android dev
2796,2,UI designer
2797,3,PM
2798,3,IOS dev
2799,2,IOS dev
2800,3,UX designer
2801,4,UX designer
2802,3,UI designer
2803,3,UI designer
2804,2,UI designer
2805,3,Android dev
2806,3,PM
2807,4,UX designer
2808,6,UI designer
2809,4,Mobile
2810,2,Frontend dev
2811,2,PM
2812,2,Backend dev
2813,3,Android dev
2814,2,Mobile
2815,2,Mobile
2816,3,Frontend dev
2817,4,IOS dev
2818,2,IOS dev
2819,3,Backend dev
2820,3,QA
2821,4,Android dev
2822,2,UI designer
2823,4,UX designer
2824,2,QA
2825,3,PM
2826,2,UI designer
2827,3,UI designer
2828,2,Frontend dev
2829,2,UX designer
2830,6,Frontend dev
2831,3,IOS dev
2832,2,UX designer
2833,3,UX designer
2834,5,IOS dev
2835,2,IOS dev
2836,3,UI designer
2837,2,QA
2838,2,Mobile
2839,2,PM
2840,3,Android dev
2841,4,QA
2842,3,Android dev
2843,6,IOS dev
2844,4,QA
2845,2,IOS dev
2846,3,UX designer
2847,3,Backend dev
2848,2,Backend dev
2849,2,PM
2850,4,UI designer
2851,3,PM
2852,2,IOS dev
2853,3,Frontend dev
2854,3,QA
2855,2,QA
2856,3,Frontend dev
2857,3,PM
2858,3,IOS dev
2859,2,UX designer
2860,3,UI designer
2861,4,QA
2862,4,UX designer
2863,2,UI designer
2864,3,UI designer
2865,3,Android dev
2866,3,IOS dev
2867,5,QA
2868,2,Android dev
2869,4,UX designer
2870,3,Mobile
2871,3,PM
2872,4,Frontend dev
2873,2,UX designer
2874,3,Backend dev
2875,3,UX designer
2876,5,Android dev
2877,2,Mobile
2878,2,Frontend dev
2879,2,UI designer
2880,3,Android dev
2881,3,QA
2882,3,IOS dev
2883,2,Backend dev
2884,2,Backend dev
2885,3,Android dev
2886,2,UI designer
2887,2,Backend dev
2888,4,Backend dev
2889,2,Backend dev
2890,3,Android dev
2891,2,Backend dev
2892,3,Mobile
2893,5,Backend dev
2894,3,Mobile
2895,2,Mobile
2896,6,Android dev
2897,6,PM
2898,2,IOS dev
2899,4,UX designer
2900,2,IOS dev
2901,3,Android dev
2902,2,Android dev
2903,2,Backend dev
2904,2,Mobile
2905,2,IOS dev
2906,3,PM
2907,3,UI designer
2908,4,Frontend dev
2909,2,Backend dev
2910,3,Frontend dev
2911,3,Android dev
2912,3,UI designer
2913,3,PM
2914,5,QA
2915,2,UX designer
2916,3,PM
2917,5,UI designer
2918,3,UI designer
2919,2,Android dev
2920,2,PM
2921,3,QA
2922,3,Frontend dev
2923,4,Backend dev
2924,3,PM
2925,3,Android dev
2926,2,Frontend dev
2927,2,Frontend dev
2928,3,PM
2929,3,Backend dev
2930,3,UI designer
2931,2,Frontend dev
2932,3,Android dev
2933,2,QA
2934,3,QA
2935,3,UI designer
2936,3,Frontend dev
2937,3,Backend dev
2938,3,PM
2939,3,Backend dev
2940,5,PM
2941,2,Mobile
2942,2,UI designer
2943,6,Backend dev
2944,3,Frontend dev
2945,2,PM
2946,3,Frontend dev
2947,2,IOS dev
2948,2,UX designer
2949,2,UX designer
2950,4,PM
2951,4,Backend dev
2952,2,PM
2953,3,Backend dev
2954,3,UI designer
2955,3,Android dev
2956,2,PM
2957,2,Android dev
2958,3,Android dev
2959,3,UX designer
2960,3,IOS dev
2961,3,PM
2962,4,IOS dev
2963,3,Frontend dev
2964,3,Android dev
2965,4,UI designer
2966,2,PM
2967,6,PM
2968,2,Frontend dev
2969,5,Backend dev
2970,3,UX designer
2971,4,UX designer
2972,3,Frontend dev
2973,3,Backend dev
2974,2,UX designer
2975,3,Backend dev
2976,3,PM
2977,2,QA
2978,2,UX designer
2979,2,UI designer
2980,4,Backend dev
2981,2,Backend dev
2982,3,Android dev
2983,2,UI designer
2984,3,QA
2985,3,Frontend dev
2986,2,UI designer
2987,4,Frontend dev
2988,2,QA
2989,2,IOS dev
2990,3,UX designer
2991,3,Backend dev
2992,2,UI designer
2993,2,UI designer
2994,2,QA
2995,3,Mobile
2996,4,Android dev
2997,4,Android dev
2998,4,UI designer
2999,3,QA
3000,2,IOS dev
3001,2,PM
3002,2,UX designer
3003,6,UI designer
3004,2,QA
3005,4,QA
3006,3,Android dev
3007,3,UX designer
3008,2,Mobile
3009,6,UI designer
3010,2,Frontend dev
3011,5,UI designer
3012,3,Backend dev
3013,3,QA
3014,3,UI designer
3015,2,Frontend dev
3016,4,UX designer
3017,3,Mobile
3018,3,IOS dev
3019,3,UI designer
3020,3,PM
3021,2,IOS dev
3022,3,IOS dev
3023,2,UX designer
3024,2,UX designer
3025,3,IOS dev
3026,2,QA
3027,4,Backend dev
3028,5,UI designer
3029,3,Mobile
3030,2,PM
3031,3,Backend dev
3032,4,IOS dev
3033,3,UI designer
3034,3,QA
3035,3,Backend dev
3036,3,Android dev
3037,3,Mobile
3038,2,PM
3039,2,Frontend dev
3040,2,UX designer
3041,2,Backend dev
3042,2,PM
3043,2,QA
3044,4,IOS dev
3045,3,Mobile
3046,2,Mobile
3047,3,Backend dev
3048,2,Frontend dev
3049,2,PM
3050,2,QA
3051,4,Backend dev
3052,2,Frontend dev
3053,2,UX designer
3054,5,Frontend dev
3055,2,UX designer
3056,3,PM
3057,2,Android dev
3058,4,Mobile
3059,2,PM
3060,2,Mobile
3061,6,Backend dev
3062,2,Frontend dev
3063,3,UX designer
3064,4,Backend dev
3065,6,Mobile
3066,2,UX designer
3067,3,Android dev
3068,2,PM
3069,3,PM
3070,2,UI designer
3071,2,Frontend dev
3072,2,UX designer
3073,2,Android dev
3074,2,Mobile
3075,3,IOS dev
3076,2,IOS dev
3077,2,UI designer
3078,2,PM
3079,4,QA
3080,3,UX designer
3081,6,IOS dev
3082,3,Backend dev
3083,2,Backend dev
3084,3,UX designer
3085,2,IOS dev
3086,4,Backend dev
3087,2,QA
3088,3,QA
3089,4,Android dev
3090,3,Mobile
3091,4,Frontend dev
3092,4,PM
3093,2,Mobile
3094,3,Backend dev
3095,3,Mobile
3096,3,Frontend dev
3097,3,Android dev
3098,6,Mobile
3099,4,Android dev
3100,4,UI designer
3101,5,Android dev
3102,3,PM
3103,4,IOS dev
3104,2,PM
3105,2,QA
3106,3,QA
3107,2,IOS dev
3108,2,UI designer
3109,3,Backend dev
3110,2,PM
3111,3,UX designer
3112,3,IOS dev
3113,4,PM
3114,4,UX designer
3115,3,UX designer
3116,3,Android dev
3117,2,UX designer
3118,4,UX designer
3119,3,Android dev
3120,3,UX designer
3121,4,IOS dev
3122,2,QA
3123,2,UI designer
3124,3,UI designer
3125,4,Mobile
3126,5,UI designer
3127,3,Backend dev
3128,3,PM
3129,4,Backend dev
3130,3,UI designer
3131,4,QA
3132,3,Frontend dev
3133,3,QA
3134,5,IOS dev
3135,3,Backend dev
3136,2,Frontend dev
3137,2,IOS dev
3138,2,QA
3139,3,Android dev
3140,3,UI designer
3141,6,PM
3142,6,UX designer
3143,3,IOS dev
3144,2,Frontend dev
3145,2,UI designer
3146,4,Backend dev
3147,3,UI designer
3148,5,Android dev
3149,2,Android dev
3150,3,QA
3151,4,PM
3152,4,UI designer
3153,4,IOS dev
3154,2,PM
3155,5,UI designer
3156,2,QA
3157,3,Android dev
3158,2,UX designer
3159,6,Android dev
3160,3,Frontend dev
3161,2,QA
3162,4,QA
3163,2,Mobile
3164,2,UI designer
3165,3,QA
3166,2,Backend dev
3167,4,PM
3168,3,PM
3169,4,Mobile
3170,2,Android dev
3171,3,Android dev
3172,4,UI designer
3173,3,Backend dev
3174,3,Frontend dev
3175,3,Android dev
3176,2,QA
3177,2,QA
3178,3,UI designer
3179,2,UX designer
3180,3,QA
3181,2,Backend dev
3182,2,UI designer
3183,5,UI designer
3184,2,UI designer
3185,2,UX designer
3186,3,PM
3187,4,IOS dev
3188,3,Android dev
3189,3,PM
3190,4,Backend dev
3191,3,Mobile
3192,3,IOS dev
3193,2,Mobile
3194,4,QA
3195,2,UI designer
3196,2,PM
3197,2,Mobile
3198,2,Mobile
3199,4,UI designer
3200,2,UX designer
3201,6,Android dev
3202,2,IOS dev
3203,4,PM
3204,3,PM
3205,2,UI designer
3206,2,IOS dev
3207,2,Mobile
3208,2,PM
3209,3,Mobile
3210,3,QA
3211,2,UX designer
3212,2,UI designer
3213,2,Backend dev
3214,4,Backend dev
3215,2,IOS dev
3216,2,Android dev
3217,2,Backend dev
3218,2,Mobile
3219,2,Backend dev
3220,3,UI designer
3221,2,UI designer
3222,6,UI designer
3223,6,Frontend dev
3224,3,QA
3225,5,Mobile
3226,6,Mobile
3227,2,UX designer
3228,3,Frontend dev
3229,2,Frontend dev
3230,5,Android dev
3231,2,Android dev
3232,3,UX designer
3233,3,Mobile
3234,3,UX designer
3235,3,Backend dev
3236,3,Android dev
3237,3,Backend dev
3238,2,UI designer
3239,3,Backend dev
3240,3,Mobile
3241,4,Frontend dev
3242,2,PM
3243,2,Mobile
3244,3,Backend dev
3245,4,PM
3246,4,UI designer
3247,4,IOS dev
3248,3,UI designer
3249,4,QA
3250,2,PM
3251,4,QA
3252,3,UX designer
3253,2,Mobile
3254,4,UI designer
3255,3,QA
3256,3,Backend dev
3257,2,Mobile
3258,4,UX designer
3259,4,IOS dev
3260,3,Android dev
3261,2,UX designer
3262,2,Android dev
3263,4,QA
3264,4,UI designer
3265,2,Backend dev
3266,2,PM
3267,6,Mobile
3268,2,Backend dev
3269,6,Android dev
3270,2,UX designer
3271,5,PM
3272,2,Mobile
3273,6,Backend dev
3274,2,Backend dev
3275,2,UX designer
3276,2,Frontend dev
3277,3,UI designer
3278,3,Android dev
3279,3,UI designer
3280,6,UX designer
3281,4,UX designer
3282,2,UX designer
3283,3,UI designer
3284,2,UI designer
3285,3,QA
3286,4,PM
3287,4,Mobile
3288,2,QA
3289,3,UI designer
3290,3,Android dev
3291,3,QA
3292,2,Mobile
3293,6,IOS dev
3294,2,Android dev
3295,2,PM
3296,2,Android dev
3297,3,Frontend dev
3298,3,Frontend dev
3299,5,Frontend dev
3300,2,UX designer
3301,3,Backend dev
3302,3,IOS dev
3303,3,Backend dev
3304,5,UX designer
3305,2,Android dev
3306,6,Mobile
3307,4,IOS dev
3308,2,UI designer
3309,3,UI designer
3310,2,Frontend dev
3311,4,PM
3312,4,QA
3313,3,Backend dev
3314,3,UI designer
3315,6,PM
3316,5,QA
3317,3,PM
3318,3,Android dev
3319,3,Backend dev
3320,3,IOS dev
3321,2,Backend dev
3322,2,Backend dev
3323,3,IOS dev
3324,2,UX designer
3325,2,Backend dev
3326,6,UX designer
3327,3,UI designer
3328,2,UI designer
3329,3,Mobile
3330,2,IOS dev
3331,5,UI designer
3332,2,Backend dev
3333,4,PM
3334,2,UX designer
3335,3,Backend dev
3336,5,IOS dev
3337,2,Mobile
3338,3,UI designer
3339,3,Android dev
3340,4,IOS dev
3341,3,Android dev
3342,3,Mobile
3343,4,PM
3344,3,Mobile
3345,2,Backend dev
3346,3,Android dev
3347,4,Mobile
3348,2,Frontend dev
3349,4,Android dev
3350,5,UX designer
3351,2,UI designer
3352,5,UI designer
3353,3,UI designer
3354,2,QA
3355,3,Backend dev
3356,3,Backend dev
3357,3,Frontend dev
3358,3,UX designer
3359,2,Backend dev
3360,3,UI designer
3361,4,Mobile
3362,6,UI designer
3363,3,IOS dev
3364,3,Frontend dev
3365,6,Android dev
3366,3,UX designer
3367,3,Mobile
3368,3,Backend dev
3369,4,QA
3370,3,QA
3371,3,UX designer
3372,2,UI designer
3373,2,Mobile
3374,3,Backend dev
3375,3,Frontend dev
3376,3,UX designer
3377,4,Mobile
3378,4,Frontend dev
3379,3,Backend dev
3380,4,Android dev
3381,2,UI designer
3382,3,UI designer
3383,3,UI designer
3384,5,Frontend dev
3385,3,QA
3386,2,Android dev
3387,2,IOS dev
3388,4,UI designer
3389,3,Android dev
3390,3,QA
3391,3,Backend dev
3392,3,Mobile
3393,2,PM
3394,3,Frontend dev
3395,4,IOS dev
3396,3,IOS dev
3397,2,Android dev
3398,2,IOS dev
3399,2,Android dev
3400,2,UX designer
3401,3,Android dev
3402,3,UX designer
3403,4,UI designer
3404,3,Android dev
3405,2,Android dev
3406,2,UX designer
3407,2,UI designer
3408,3,UX designer
3409,2,UI designer
3410,3,QA
3411,4,PM
3412,3,Mobile
3413,2,UI designer
3414,3,UI designer
3415,5,QA
3416,3,Frontend dev
3417,2,UX designer
3418,2,QA
3419,2,IOS dev
3420,4,Android dev
3421,2,IOS dev
3422,2,UX designer
3423,3,UX designer
3424,2,Android dev
3425,3,Backend dev
3426,5,UX designer
3427,3,QA
3428,6,PM
3429,3,Mobile
3430,3,Android dev
3431,2,Android dev
3432,3,Frontend dev
3433,3,Frontend dev
3434,3,UI designer
3435,2,UX designer
3436,6,UX designer
3437,5,Mobile
3438,3,Mobile
3439,4,Mobile
3440,3,Backend dev
3441,2,Android dev
3442,4,Backend dev
3443,2,IOS dev
3444,5,Mobile
3445,3,Backend dev
3446,3,UX designer
3447,6,UI designer
3448,3,Mobile
3449,3,QA
3450,2,Frontend dev
3451,2,QA
3452,2,Frontend dev
3453,6,Mobile
3454,2,Android dev
3455,2,Android dev
3456,4,PM
3457,2,Mobile
3458,2,UX designer
3459,4,QA
3460,5,IOS dev
3461,5,QA
3462,2,Android dev
3463,4,IOS dev
3464,3,PM
3465,5,UI designer
3466,2,PM
3467,3,PM
3468,2,Mobile
3469,4,UI designer
3470,4,UI designer
3471,4,Frontend dev
3472,2,Frontend dev
3473,2,IOS dev
3474,4,QA
3475,4,Frontend dev
3476,4,IOS dev
3477,2,Frontend dev
3478,4,UI designer
3479,2,IOS dev
3480,3,UX designer
3481,5,UI designer
3482,3,PM
3483,3,Android dev
3484,5,IOS dev
3485,2,Android dev
3486,3,QA
3487,4,Android dev
3488,3,Mobile
3489,2,UI designer
3490,3,PM
3491,5,Frontend dev
3492,4,Android dev
3493,2,Android dev
3494,4,Mobile
3495,3,PM
3496,3,IOS dev
3497,3,Mobile
3498,3,Android dev
3499,2,Backend dev
3500,4,UX designer
3501,4,IOS dev
3502,5,UI designer
3503,4,UX designer
3504,3,Mobile
3505,3,Android dev
3506,2,Android dev
3507,3,Frontend dev
3508,3,Frontend dev
3509,6,Android dev
3510,2,UI designer
3511,3,Mobile
3512,2,Android dev
3513,6,Mobile
3514,2,QA
3515,2,UI designer
3516,2,QA
3517,2,UI designer
3518,3,PM
3519,3,IOS dev
3520,3,Mobile
3521,2,Mobile
3522,3,Android dev
3523,2,Frontend dev
3524,3,UX designer
3525,5,Backend dev
3526,2,Frontend dev
3527,3,UX designer
3528,5,PM
3529,3,Android dev
3530,2,Android dev
3531,2,UX designer
3532,2,Frontend dev
3533,6,UI designer
3534,2,PM
3535,3,UX designer
3536,3,Frontend dev
3537,2,QA
3538,3,PM
3539,2,QA
3540,3,Frontend dev
3541,2,Frontend dev
3542,4,Mobile
3543,3,Android dev
3544,3,UX designer
3545,3,Mobile
3546,4,Mobile
3547,3,Mobile
3548,2,IOS dev
3549,2,Frontend dev
3550,2,Mobile
3551,2,QA
3552,2,PM
3553,3,PM
3554,3,IOS dev
3555,2,PM
3556,3,UX designer
3557,3,Mobile
3558,2,QA
3559,2,UI designer
3560,4,UX designer
3561,3,Mobile
3562,3,PM
3563,3,PM
3564,3,IOS dev
3565,3,UI designer
3566,4,QA
3567,4,Frontend dev
3568,3,PM
3569,4,Android dev
3570,5,UX designer
3571,6,Backend dev
3572,3,Android dev
3573,4,Backend dev
3574,6,QA
3575,2,UI designer
3576,2,Frontend dev
3577,4,UX designer
3578,4,UX designer
3579,2,Android dev
3580,5,Mobile
3581,3,PM
3582,2,PM
3583,2,Backend dev
3584,3,UX designer
3585,3,UX designer
3586,2,UX designer
3587,3,Frontend dev
3588,5,Android dev
3589,2,UI designer
3590,3,QA
3591,2,IOS dev
3592,3,UX designer
3593,3,UI designer
3594,3,UX designer
3595,2,QA
3596,3,QA
3597,5,Frontend dev
3598,2,Frontend dev
3599,3,QA
3600,3,UI designer
3601,2,Android dev
3602,3,UI designer
3603,3,Frontend dev
3604,6,PM
3605,4,PM
3606,2,Frontend dev
3607,2,Backend dev
3608,3,UX designer
3609,3,IOS dev
3610,2,Backend dev
3611,3,PM
3612,3,UI designer
3613,2,QA
3614,3,Frontend dev
3615,2,PM
3616,2,Android dev
3617,2,Frontend dev
3618,3,Android dev
3619,3,QA
3620,6,UI designer
3621,2,Android dev
3622,2,UX designer
3623,3,Backend dev
3624,5,UI designer
3625,2,UI designer
3626,4,Mobile
3627,3,Frontend dev
3628,5,PM
3629,3,Android dev
3630,2,Android dev
3631,6,UI designer
3632,2,Frontend dev
3633,3,Backend dev
3634,2,Mobile
3635,2,Mobile
3636,3,PM
3637,3,QA
3638,3,Backend dev
3639,2,Android dev
3640,3,Mobile
3641,3,IOS dev
3642,2,UI designer
3643,4,PM
3644,3,Backend dev
3645,5,UX designer
3646,4,Backend dev
3647,4,Backend dev
3648,3,Backend dev
3649,2,Backend dev
3650,2,Frontend dev
3651,2,Mobile
3652,5,Backend dev
3653,3,QA
3654,2,Frontend dev
3655,3,UI designer
3656,2,IOS dev
3657,3,Mobile
3658,3,QA
3659,2,IOS dev
3660,4,UI designer
3661,4,UX designer
3662,3,PM
3663,5,UI designer
3664,3,Frontend dev
3665,2,Frontend dev
3666,3,UI designer
3667,2,PM
3668,2,Android dev
3669,2,UX designer
3670,3,UX designer
3671,4,IOS dev
3672,2,Frontend dev
3673,2,QA
3674,3,UI designer
3675,2,Android dev
3676,2,UX designer
3677,3,Mobile
3678,2,UI designer
3679,3,QA
3680,2,Backend dev
3681,2,UX designer
3682,5,Mobile
3683,4,Frontend dev
3684,2,UI designer
3685,5,QA
3686,3,Android dev
3687,3,IOS dev
3688,4,IOS dev
3689,5,IOS dev
3690,3,Frontend dev
3691,2,UI designer
3692,2,Mobile
3693,2,QA
3694,2,Android dev
3695,3,UI designer
3696,2,Backend dev
3697,3,PM
3698,2,Mobile
3699,2,Frontend dev
3700,3,Frontend dev
3701,2,UX designer
3702,3,Android dev
3703,2,UI designer
3704,2,IOS dev
3705,2,Backend dev
3706,2,Mobile
3707,2,UI designer
3708,3,QA
3709,2,PM
3710,4,Mobile
3711,2,IOS dev
3712,3,PM
3713,4,UI designer
3714,2,UX designer
3715,3,Backend dev
3716,2,Frontend dev
3717,4,Frontend dev
3718,2,PM
3719,2,IOS dev
3720,4,Frontend dev
3721,3,UI designer
3722,2,UI designer
3723,2,Frontend dev
3724,2,UI designer
3725,2,PM
3726,3,Mobile
3727,2,IOS dev
3728,3,Android dev
3729,4,UI designer
3730,3,Frontend dev
3731,4,QA
3732,3,Mobile
3733,2,Android dev
3734,3,UI designer
3735,5,PM
3736,2,Backend dev
3737,5,UI designer
3738,4,Backend dev
3739,3,Android dev
3740,4,QA
3741,4,QA
3742,5,Backend dev
3743,3,QA
3744,3,Android dev
3745,2,IOS dev
3746,5,UI designer
3747,2,UI designer
3748,2,Frontend dev
3749,2,Android dev
3750,5,PM
3751,3,Android dev
3752,6,Backend dev
3753,2,Frontend dev
3754,3,Frontend dev
3755,3,QA
3756,2,UX designer
3757,5,Android dev
3758,2,UX designer
3759,4,IOS dev
3760,3,QA
3761,2,IOS dev
3762,3,PM
3763,2,Frontend dev
3764,4,UI designer
3765,4,UI designer
3766,4,Android dev
3767,2,QA
3768,2,UX designer
3769,3,PM
3770,2,Backend dev
3771,3,Backend dev
3772,4,Android dev
3773,3,Mobile
3774,5,UI designer
3775,3,IOS dev
3776,2,Backend dev
3777,6,QA
3778,2,PM
3779,5,PM
3780,3,UX designer
3781,3,Backend dev
3782,6,UX designer
3783,3,UI designer
3784,3,Backend dev
3785,6,Backend dev
3786,5,Android dev
3787,3,QA
3788,2,Backend dev
3789,4,Backend dev
3790,2,Frontend dev
3791,5,IOS dev
3792,2,PM
3793,3,UI designer
3794,4,QA
3795,2,Frontend dev
3796,4,UI designer
3797,3,UI designer
3798,2,PM
3799,2,Backend dev
3800,2,UI designer
3801,2,PM
3802,6,UX designer
3803,3,QA
3804,3,UI designer
3805,2,Mobile
3806,6,Frontend dev
3807,4,UI designer
3808,2,Frontend dev
3809,4,PM
3810,5,Frontend dev
3811,4,Android dev
3812,2,Mobile
3813,2,IOS dev
3814,3,Mobile
3815,2,Backend dev
3816,4,PM
3817,2,IOS dev
3818,3,UX designer
3819,2,UI designer
3820,4,Backend dev
3821,4,QA
3822,2,QA
3823,4,UI designer
3824,3,UI designer
3825,4,IOS dev
3826,4,Mobile
3827,4,IOS dev
3828,3,QA
3829,2,Mobile
3830,3,PM
3831,3,IOS dev
3832,2,QA
3833,2,Frontend dev
3834,2,PM
3835,5,Mobile
3836,2,QA
3837,3,Backend dev
3838,3,PM
3839,2,Android dev
3840,5,UX designer
3841,3,Backend dev
3842,4,Mobile
3843,4,IOS dev
3844,2,UX designer
3845,4,Android dev
3846,5,UX designer
3847,4,IOS dev
3848,4,Backend dev
3849,5,UI designer
3850,6,Frontend dev
3851,2,UX designer
3852,3,Android dev
3853,3,PM
3854,2,QA
3855,2,UI designer
3856,3,UX designer
3857,5,Android dev
3858,3,Backend dev
3859,2,UI designer
3860,3,Backend dev
3861,3,QA
3862,2,QA
3863,2,Backend dev
3864,2,QA
3865,3,QA
3866,2,QA
3867,2,PM
3868,3,Frontend dev
3869,2,Frontend dev
3870,3,Frontend dev
3871,2,PM
3872,4,Frontend dev
3873,4,PM
3874,5,UX designer
3875,3,Frontend dev
3876,2,Frontend dev
3877,2,UX designer
3878,2,IOS dev
3879,2,Mobile
3880,3,PM
3881,3,Frontend dev
3882,4,UI designer
3883,3,UX designer
3884,2,UI designer
3885,3,Backend dev
3886,2,UX designer
3887,6,UX designer
3888,2,UX designer
3889,2,Mobile
3890,2,UX designer
3891,3,Backend dev
3892,2,UX designer
3893,2,Android dev
3894,6,Frontend dev
3895,2,IOS dev
3896,2,Mobile
3897,5,IOS dev
3898,2,PM
3899,2,Mobile
3900,2,PM
3901,3,Mobile
3902,3,UI designer
3903,5,UI designer
3904,2,UI designer
3905,6,UX designer
3906,3,Backend dev
3907,2,Android dev
3908,3,Backend dev
3909,2,Android dev
3910,3,QA
3911,3,UI designer
3912,2,Frontend dev
3913,3,UI designer
3914,3,Frontend dev
3915,3,PM
3916,2,UI designer
3917,3,IOS dev
3918,4,UI designer
3919,2,UI designer
3920,3,Mobile
3921,3,PM
3922,2,QA
3923,4,UX designer
3924,4,PM
3925,2,IOS dev
3926,4,Frontend dev
3927,2,PM
3928,2,UI designer
3929,2,Frontend dev
3930,5,UI designer
3931,3,Android dev
3932,3,QA
3933,3,QA
3934,6,Backend dev
3935,6,Android dev
3936,2,UI designer
3937,2,Mobile
3938,2,Mobile
3939,3,Mobile
3940,6,QA
3941,5,QA
3942,2,Mobile
3943,6,UX designer
3944,4,QA
3945,2,Frontend dev
3946,2,UX designer
3947,2,PM
3948,2,PM
3949,6,Frontend dev
3950,5,Mobile
3951,2,Android dev
3952,6,IOS dev
3953,3,UI designer
3954,6,Frontend dev
3955,4,UI designer
3956,3,Android dev
3957,2,PM
3958,6,PM
3959,3,Frontend dev
3960,2,PM
3961,3,UI designer
3962,4,QA
3963,3,Mobile
3964,4,Backend dev
3965,2,IOS dev
3966,2,PM
3967,3,Mobile
3968,2,Mobile
3969,2,PM
3970,2,Android dev
3971,3,Frontend dev
3972,6,Frontend dev
3973,5,UI designer
3974,2,UX designer
3975,3,UI designer
3976,2,Frontend dev
3977,3,Android dev
3978,4,Mobile
3979,2,IOS dev
3980,3,PM
3981,5,UX designer
3982,4,Android dev
3983,4,IOS dev
3984,4,QA
3985,3,Mobile
3986,4,Backend dev
3987,3,PM
3988,2,UI designer
3989,2,Frontend dev
3990,5,UI designer
3991,6,UI designer
3992,6,UI designer
3993,2,IOS dev
3994,4,QA
3995,3,Backend dev
3996,3,Frontend dev
3997,3,Mobile
3998,5,IOS dev
3999,3,Backend dev
4000,3,Frontend dev
4001,2,QA
4002,4,QA
4003,2,Backend dev
4004,3,QA
4005,4,Mobile
4006,2,QA
4007,5,QA
4008,2,UX designer
4009,3,PM
4010,3,UX designer
4011,5,IOS dev
4012,5,Frontend dev
4013,2,Android dev
4014,3,Mobile
4015,3,UI designer
4016,2,UI designer
4017,3,UI designer
4018,2,Backend dev
4019,3,UX designer
4020,3,IOS dev
4021,3,Frontend dev
4022,3,UX designer
4023,4,Mobile
4024,3,Frontend dev
4025,2,IOS dev
4026,3,Android dev
4027,3,IOS dev
4028,4,UI designer
4029,3,IOS dev
4030,5,Mobile
4031,3,Mobile
4032,3,Frontend dev
4033,2,UX designer
4034,2,Frontend dev
4035,5,UI designer
4036,2,Mobile
4037,2,Mobile
4038,4,Mobile
4039,2,UI designer
4040,2,Mobile
4041,4,PM
4042,3,QA
4043,4,Backend dev
4044,5,Frontend dev
4045,6,Frontend dev
4046,5,IOS dev
4047,3,QA
4048,2,UX designer
4049,3,UI designer
4050,5,Frontend dev
4051,2,UX designer
4052,2,PM
4053,2,Frontend dev
4054,3,IOS dev
4055,3,Android dev
4056,2,UX designer
4057,2,Frontend dev
4058,2,UI designer
4059,2,IOS dev
4060,5,IOS dev
4061,3,Mobile
4062,3,QA
4063,2,UI designer
4064,2,UI designer
4065,3,IOS dev
4066,4,Android dev
4067,4,Android dev
4068,2,UI designer
4069,4,QA
4070,4,Mobile
4071,2,Android dev
4072,2,UI designer
4073,4,Mobile
4074,3,Frontend dev
4075,2,Android dev
4076,4,Mobile
4077,3,UI designer
4078,2,Android dev
4079,5,Android dev
4080,3,QA
4081,2,Mobile
4082,2,IOS dev
4083,3,IOS dev
4084,3,Mobile
4085,3,Android dev
4086,2,UI designer
4087,3,Backend dev
4088,2,UI designer
4089,3,UI designer
4090,4,PM
4091,5,PM
4092,2,Frontend dev
4093,3,Android dev
4094,3,IOS dev
4095,2,QA
4096,2,QA
4097,2,UI designer
4098,4,PM
4099,3,Android dev
4100,2,Frontend dev
4101,3,UX designer
4102,2,UI designer
4103,3,Mobile
4104,2,Android dev
4105,2,Mobile
4106,3,UI designer
4107,3,UI designer
4108,2,UX designer
4109,3,Backend dev
4110,3,Android dev
4111,4,Backend dev
4112,5,Frontend dev
4113,2,IOS dev
4114,5,QA
4115,4,IOS dev
4116,5,Android dev
4117,4,IOS dev
4118,3,UI designer
4119,2,QA
4120,4,UX designer
4121,2,QA
4122,5,UI designer
4123,2,Mobile
4124,2,QA
4125,3,UX designer
4126,3,QA
4127,3,QA
4128,2,Backend dev
4129,4,UI designer
4130,3,UX designer
4131,3,Android dev
4132,5,UX designer
4133,2,IOS dev
4134,3,Android dev
4135,4,Frontend dev
4136,2,Frontend dev
4137,3,Android dev
4138,2,UX designer
4139,3,Mobile
4140,2,Frontend dev
4141,3,Android dev
4142,3,IOS dev
4143,3,QA
4144,2,Backend dev
4145,4,UI designer
4146,2,PM
4147,4,IOS dev
4148,3,IOS dev
4149,3,UI designer
4150,2,PM
4151,2,IOS dev
4152,6,IOS dev
4153,3,UI designer
4154,2,IOS dev
4155,3,Mobile
4156,3,UX designer
4157,3,Android dev
4158,2,UI designer
4159,3,UI designer
4160,4,UX designer
4161,3,IOS dev
4162,6,Android dev
4163,2,IOS dev
4164,3,Android dev
4165,6,Frontend dev
4166,3,Frontend dev
4167,3,Android dev
4168,3,Mobile
4169,2,UI designer
4170,2,Frontend dev
4171,5,Android dev
4172,2,Mobile
4173,2,IOS dev
4174,5,IOS dev
4175,2,QA
4176,6,QA
4177,2,Frontend dev
4178,3,Mobile
4179,3,QA
4180,3,Mobile
4181,3,UX designer
4182,3,UX designer
4183,2,Frontend dev
4184,3,IOS dev
4185,2,Backend dev
4186,3,Android dev
4187,3,UI designer
4188,2,QA
4189,2,PM
4190,6,UI designer
4191,3,Android dev
4192,3,UI designer
4193,6,Android dev
4194,5,UI designer
4195,3,UI designer
4196,6,Mobile
4197,4,UX designer
4198,4,Frontend dev
4199,5,Android dev
4200,6,PM
4201,4,IOS dev
4202,3,Frontend dev
4203,3,Backend dev
4204,3,Android dev
4205,3,QA
4206,4,Backend dev
4207,3,Backend dev
4208,4,QA
4209,3,UX designer
4210,3,Mobile
4211,4,Frontend dev
4212,3,PM
4213,4,IOS dev
4214,3,UX designer
4215,3,QA
4216,3,Android dev
4217,3,UX designer
4218,3,PM
4219,4,Frontend dev
4220,3,UX designer
4221,5,Frontend dev
4222,3,PM
4223,4,Backend dev
4224,5,QA
4225,3,UI designer
4226,4,Backend dev
4227,3,IOS dev
4228,5,UI designer
4229,3,PM
4230,3,IOS dev
4231,5,UI designer
4232,4,Backend dev
4233,3,UI designer
4234,3,Mobile
4235,3,QA
4236,3,Backend dev
4237,4,IOS dev
4238,3,QA
4239,4,Backend dev
4240,5,Mobile
4241,4,UI designer
4242,5,UX designer
4243,4,Frontend dev
4244,3,Frontend dev
4245,4,Mobile
4246,6,UX designer
4247,3,IOS dev
4248,6,UI designer
4249,5,Backend dev
4250,4,UI designer
4251,5,UI designer
4252,5,UX designer
4253,6,Backend dev
4254,4,Backend dev
4255,4,IOS dev
4256,3,IOS dev
4257,6,Android dev
4258,3,UX designer
4259,3,Backend dev
4260,3,IOS dev
4261,6,Android dev
4262,4,IOS dev
4263,7,Mobile
4264,3,Frontend dev
4265,4,UI designer
4266,4,Android dev
4267,3,PM
4268,6,UX designer
4269,3,Mobile
4270,5,QA
4271,4,IOS dev
4272,3,Android dev
4273,4,Mobile
4274,3,Mobile
4275,5,QA
4276,5,Android dev
4277,5,UX designer
4278,3,QA
4279,3,UX designer
4280,4,IOS dev
4281,3,Backend dev
4282,4,Backend dev
4283,5,QA
4284,4,Android dev
4285,6,IOS dev
4286,4,UX designer
4287,3,UI designer
4288,7,UX designer
4289,3,Frontend dev
4290,6,Mobile
4291,4,PM
4292,4,QA
4293,7,Backend dev
4294,4,UI designer
4295,4,Backend dev
4296,7,Mobile
4297,6,UI designer
4298,4,Backend dev
4299,3,IOS dev
4300,5,Backend dev
4301,3,Backend dev
4302,6,QA
4303,3,Frontend dev
4304,4,UI designer
4305,5,UI designer
4306,3,Mobile
4307,5,Android dev
4308,4,Backend dev
4309,3,PM
4310,3,Mobile
4311,3,Frontend dev
4312,3,UI designer
4313,7,QA
4314,4,Mobile
4315,4,Android dev
4316,3,UX designer
4317,7,UI designer
4318,5,Mobile
4319,3,IOS dev
4320,5,IOS dev
4321,6,Frontend dev
4322,5,Frontend dev
4323,3,Backend dev
4324,3,IOS dev
4325,4,Frontend dev
4326,3,Backend dev
4327,5,Frontend dev
4328,3,Android dev
4329,4,UX designer
4330,3,Frontend dev
4331,5,Mobile
4332,5,QA
4333,3,Backend dev
4334,5,Frontend dev
4335,4,UI designer
4336,5,UI designer
4337,5,IOS dev
4338,5,Android dev
4339,4,PM
4340,3,PM
4341,4,Backend dev
4342,4,UX designer
4343,3,Mobile
4344,3,QA
4345,3,Backend dev
4346,6,Android dev
4347,3,Frontend dev
4348,4,Mobile
4349,4,UX designer
4350,3,UI designer
4351,6,Frontend dev
4352,4,Frontend dev
4353,5,QA
4354,5,Frontend dev
4355,3,PM
4356,5,UX designer
4357,6,Frontend dev
4358,5,UI designer
4359,5,UI designer
4360,6,UI designer
4361,7,QA
4362,3,Android dev
4363,4,UX designer
4364,4,Android dev
4365,3,Frontend dev
4366,3,QA
4367,4,Backend dev
4368,6,PM
4369,4,UI designer
4370,3,UX designer
4371,4,UX designer
4372,4,Mobile
4373,3,Mobile
4374,3,UI designer
4375,3,UX designer
4376,4,Android dev
4377,3,UI designer
4378,3,Android dev
4379,4,Backend dev
4380,3,Frontend dev
4381,4,Frontend dev
4382,3,PM
4383,5,UX designer
4384,5,IOS dev
4385,6,IOS dev
4386,4,Mobile
4387,3,UI designer
4388,3,QA
4389,3,PM
4390,3,Android dev
4391,4,Backend dev
4392,4,QA
4393,5,Mobile
4394,4,UX designer
4395,3,Frontend dev
4396,4,UI designer
4397,3,UI designer
4398,7,PM
4399,3,Android dev
4400,3,UX designer
4401,3,QA
4402,4,Mobile
4403,3,PM
4404,3,Backend dev
4405,7,IOS dev
4406,3,PM
4407,3,UX designer
4408,6,Android dev
4409,3,Android dev
4410,3,Backend dev
4411,2,Android dev
4412,2,IOS dev
4413,5,Backend dev
4414,4,QA
4415,2,QA
4416,5,UI designer
4417,3,IOS dev
4418,3,QA
4419,4,Frontend dev
4420,5,Mobile
4421,3,Backend dev
4422,2,Android dev
4423,2,UI designer
4424,2,PM
4425,2,UI designer
4426,3,IOS dev
4427,2,UI designer
4428,3,UX designer
4429,2,IOS dev
4430,2,UX designer
4431,3,PM
4432,2,Android dev
4433,3,UX designer
4434,2,Backend dev
4435,2,UI designer
4436,2,Frontend dev
4437,2,IOS dev
4438,2,PM
4439,3,Backend dev
4440,2,QA
4441,4,QA
4442,2,UI designer
4443,3,Mobile
4444,4,UI designer
4445,2,Mobile
4446,3,UI designer
4447,2,Backend dev
4448,4,IOS dev
4449,2,QA
4450,2,IOS dev
4451,4,Frontend dev
4452,3,UX designer
4453,2,QA
4454,2,UI designer
4455,2,UI designer
4456,2,Mobile
4457,3,Mobile
4458,2,PM
4459,3,UI designer
4460,4,UI designer
4461,3,Backend dev
4462,4,UI designer
4463,3,IOS dev
4464,2,UX designer
4465,3,Backend dev
4466,5,IOS dev
4467,2,UX designer
4468,5,PM
4469,4,Frontend dev
4470,3,QA
4471,4,Mobile
4472,4,UX designer
4473,5,Mobile
4474,3,IOS dev
4475,3,Android dev
4476,2,QA
4477,5,Android dev
4478,2,Backend dev
4479,2,Mobile
4480,2,PM
4481,5,UI designer
4482,3,UX designer
4483,6,Frontend dev
4484,2,Frontend dev
4485,3,PM
4486,3,QA
4487,2,IOS dev
4488,5,UX designer
4489,2,PM
4490,4,QA
4491,3,Mobile
4492,2,UI designer
4493,3,QA
4494,2,Backend dev
4495,4,UI designer
4496,4,QA
4497,4,IOS dev
4498,2,Mobile
4499,2,UX designer
4500,3,IOS dev
4501,2,QA
4502,3,PM
4503,4,Frontend dev
4504,3,PM
4505,5,Mobile
4506,3,Frontend dev
4507,2,QA
4508,6,UI designer
4509,2,IOS dev
4510,5,Backend dev
4511,3,QA
4512,3,Backend dev
4513,6,Mobile
4514,3,UI designer
4515,3,Backend dev
4516,6,Mobile
4517,5,IOS dev
4518,3,QA
4519,2,Frontend dev
4520,4,Mobile
4521,2,Android dev
4522,5,Android dev
4523,2,PM
4524,3,PM
4525,4,PM
4526,2,IOS dev
4527,4,IOS dev
4528,3,Backend dev
4529,2,Backend dev
4530,2,Mobile
4531,2,QA
4532,2,PM
4533,6,Android dev
4534,3,UX designer
4535,3,QA
4536,2,IOS dev
4537,6,Mobile
4538,4,IOS dev
4539,2,UX designer
4540,4,PM
4541,5,UX designer
4542,4,PM
4543,2,UX designer
4544,2,PM
4545,3,Frontend dev
4546,2,Mobile
4547,4,PM
4548,2,UX designer
4549,3,UX designer
4550,2,Frontend dev
4551,4,Mobile
4552,4,IOS dev
4553,2,Android dev
4554,4,Backend dev
4555,3,IOS dev
4556,4,IOS dev
4557,4,IOS dev
4558,4,Frontend dev
4559,3,Backend dev
4560,2,Backend dev
4561,3,IOS dev
4562,3,UX designer
4563,2,Android dev
4564,2,UI designer
4565,2,Frontend dev
4566,5,UX designer
4567,2,UX designer
4568,3,IOS dev
4569,3,IOS dev
4570,2,UX designer
4571,5,QA
4572,3,Backend dev
4573,4,UI designer
4574,4,QA
4575,2,UI designer
4576,4,UI designer
4577,5,Mobile
4578,4,PM
4579,4,Android dev
4580,5,Mobile
4581,6,UI designer
4582,2,UI designer
4583,3,IOS dev
4584,3,IOS dev
4585,2,UI designer
4586,2,UI designer
4587,3,QA
4588,5,UI designer
4589,3,UI designer
4590,2,UX designer
4591,3,QA
4592,3,PM
4593,2,PM
4594,2,UI designer
4595,2,Frontend dev
4596,3,Android dev
4597,2,Backend dev
4598,2,Mobile
4599,3,IOS dev
4600,2,Mobile
4601,3,UX designer
4602,2,QA
4603,4,UI designer
4604,4,QA
4605,5,PM
4606,3,Android dev
4607,2,IOS dev
4608,2,Android dev
4609,2,IOS dev
4610,2,UX designer
4611,3,PM
4612,3,Backend dev
4613,4,Mobile
4614,3,QA
4615,2,IOS dev
4616,3,IOS dev
4617,2,Frontend dev
4618,6,Backend dev
4619,2,UX designer
4620,2,Frontend dev
4621,2,Frontend dev
4622,3,Frontend dev
4623,2,QA
4624,2,QA
4625,6,UI designer
4626,2,QA
4627,2,IOS dev
4628,5,UX designer
4629,2,Frontend dev
4630,2,PM
4631,2,UI designer
4632,3,PM
4633,3,Frontend dev
4634,5,QA
4635,2,Backend dev
4636,6,QA
4637,3,QA
4638,2,UX designer
4639,3,UX designer
4640,2,Mobile
4641,3,Android dev
4642,3,UX designer
4643,2,Backend dev
4644,3,Frontend dev
4645,3,Frontend dev
4646,3,QA
4647,2,QA
4648,3,UI designer
4649,4,IOS dev
4650,2,QA
4651,3,PM
4652,3,IOS dev
4653,2,QA
4654,4,QA
4655,4,IOS dev
4656,2,UX designer
4657,4,QA
4658,2,UI designer
4659,2,Backend dev
4660,2,Backend dev
4661,5,Mobile
4662,3,UI designer
4663,3,IOS dev
4664,3,UX designer
4665,6,Backend dev
4666,6,UI designer
4667,2,QA
4668,2,PM
4669,2,QA
4670,3,Mobile
4671,6,IOS dev
4672,5,Android dev
4673,2,IOS dev
4674,6,UI designer
4675,4,IOS dev
4676,2,Android dev
4677,2,UI designer
4678,2,PM
4679,2,IOS dev
4680,6,QA
4681,5,Android dev
4682,2,Frontend dev
4683,6,PM
4684,3,Backend dev
4685,6,Frontend dev
4686,4,Mobile
4687,3,Frontend dev
4688,2,UI designer
4689,6,Mobile
4690,3,Mobile
4691,2,Backend dev
4692,3,QA
4693,4,UI designer
4694,3,UI designer
4695,4,IOS dev
4696,2,PM
4697,2,Android dev
4698,3,Frontend dev
4699,2,Backend dev
4700,2,QA
4701,2,PM
4702,3,Mobile
4703,6,Android dev
4704,5,Frontend dev
4705,2,UX designer
4706,3,Android dev
4707,2,Mobile
4708,3,Frontend dev
4709,4,Mobile
4710,2,UI designer
4711,3,PM
4712,5,UX designer
4713,4,PM
4714,4,Backend dev
4715,4,UI designer
4716,3,IOS dev
4717,4,UI designer
4718,3,Android dev
4719,2,QA
4720,2,Mobile
4721,5,UI designer
4722,6,Mobile
4723,6,UI designer
4724,2,QA
4725,4,QA
4726,3,UI designer
4727,3,UX designer
4728,3,QA
4729,5,Frontend dev
4730,3,IOS dev
4731,3,UX designer
4732,2,Frontend dev
4733,4,UX designer
4734,2,Android dev
4735,3,Mobile
4736,4,Android dev
4737,2,Android dev
4738,5,PM
4739,2,QA
4740,3,QA
4741,3,Mobile
4742,5,Mobile
4743,5,QA
4744,2,UX designer
4745,3,UX designer
4746,3,Android dev
4747,2,PM
4748,3,IOS dev
4749,2,Backend dev
4750,3,PM
4751,3,QA
4752,3,UI designer
4753,3,Backend dev
4754,4,QA
4755,3,QA
4756,2,Android dev
4757,3,IOS dev
4758,3,Frontend dev
4759,4,UX designer
4760,3,Backend dev
4761,5,UX designer
4762,3,Frontend dev
4763,3,Backend dev
4764,2,Frontend dev
4765,2,PM
4766,5,UX designer
4767,2,Backend dev
4768,2,UX designer
4769,4,Backend dev
4770,2,Frontend dev
4771,2,Mobile
4772,4,Frontend dev
4773,3,Backend dev
4774,4,IOS dev
4775,5,UI designer
4776,6,IOS dev
4777,5,UI designer
4778,3,Backend dev
4779,2,QA
4780,3,Frontend dev
4781,5,IOS dev
4782,2,Android dev
4783,2,UX designer
4784,2,Backend dev
4785,3,PM
4786,3,UI designer
4787,2,PM
4788,2,UX designer
4789,2,UI designer
4790,2,UI designer
4791,5,QA
4792,3,QA
4793,3,Frontend dev
4794,2,Backend dev
4795,2,PM
4796,3,QA
4797,4,QA
4798,4,IOS dev
4799,2,Mobile
4800,4,QA
4801,4,Backend dev
4802,2,PM
4803,2,Mobile
4804,4,QA
4805,3,UX designer
4806,2,Frontend dev
4807,4,UX designer
4808,3,IOS dev
4809,2,UX designer
4810,5,UI designer
4811,3,UI designer
4812,2,UI designer
4813,2,IOS dev
4814,3,PM
4815,3,PM
4816,3,UX designer
4817,2,Frontend dev
4818,3,PM
4819,2,Frontend dev
4820,3,Frontend dev
4821,4,PM
4822,5,Backend dev
4823,2,PM
4824,3,IOS dev
4825,3,QA
4826,2,PM
4827,2,UI designer
4828,2,UI designer
4829,4,UI designer
4830,3,Mobile
4831,2,Mobile
4832,3,UI designer
4833,2,UI designer
4834,3,UX designer
4835,2,QA
4836,2,Mobile
4837,3,Backend dev
4838,3,PM
4839,2,QA
4840,3,Frontend dev
4841,3,QA
4842,4,UX designer
4843,5,UI designer
4844,2,Android dev
4845,5,IOS dev
4846,4,Android dev
4847,5,Backend dev
4848,4,Mobile
4849,3,UI designer
4850,2,QA
4851,4,PM
4852,2,UI designer
4853,5,Backend dev
4854,2,PM
4855,2,Backend dev
4856,3,PM
4857,3,Mobile
4858,3,Backend dev
4859,2,QA
4860,4,Backend dev
4861,3,UI designer
4862,3,Mobile
4863,5,IOS dev
4864,2,UX designer
4865,3,QA
4866,4,Frontend dev
4867,2,Backend dev
4868,3,UX designer
4869,2,Mobile
4870,3,Mobile
4871,2,UI designer
4872,3,UX designer
4873,3,QA
4874,3,Frontend dev
4875,2,Backend dev
4876,4,PM
4877,2,PM
4878,4,UI designer
4879,3,IOS dev
4880,3,Android dev
4881,2,Android dev
4882,2,PM
4883,6,Backend dev
4884,3,Frontend dev
4885,2,UI designer
4886,3,IOS dev
4887,3,PM
4888,3,QA
4889,2,Backend dev
4890,3,Frontend dev
4891,4,UI designer
4892,3,Frontend dev
4893,6,QA
4894,2,UX designer
4895,3,IOS dev
4896,6,Backend dev
4897,3,Backend dev
4898,3,IOS dev
4899,3,Mobile
4900,2,IOS dev
4901,2,PM
4902,5,Frontend dev
4903,2,PM
4904,2,PM
4905,5,Android dev
4906,2,Mobile
4907,6,QA
4908,2,Android dev
4909,3,Mobile
4910,3,QA
4911,3,Backend dev
4912,3,Backend dev
4913,3,Mobile
4914,2,UI designer
4915,3,IOS dev
4916,2,Backend dev
4917,3,PM
4918,3,UI designer
4919,2,QA
4920,2,IOS dev
4921,6,Backend dev
4922,3,UX designer
4923,4,UX designer
4924,3,Frontend dev
4925,3,UI designer
4926,3,IOS dev
4927,3,UI designer
4928,4,Frontend dev
4929,4,Frontend dev
4930,2,Mobile
4931,4,IOS dev
4932,3,Android dev
4933,5,PM
4934,3,UI designer
4935,2,UI designer
4936,2,UI designer
4937,2,UI designer
4938,2,QA
4939,3,QA
4940,4,Backend dev
4941,3,Frontend dev
4942,3,UI designer
4943,5,Android dev
4944,4,Frontend dev
4945,2,UI designer
4946,3,UI designer
4947,2,IOS dev
4948,5,Frontend dev
4949,3,Mobile
4950,3,Mobile
4951,5,Android dev
4952,5,UI designer
4953,3,PM
4954,3,Mobile
4955,3,UI designer
4956,3,UI designer
4957,3,Mobile
4958,3,PM
4959,2,PM
4960,2,PM
4961,5,Backend dev
4962,5,Frontend dev
4963,4,IOS dev
4964,2,UI designer
4965,3,UX designer
4966,3,Android dev
4967,2,IOS dev
4968,2,Backend dev
4969,2,PM
4970,4,Backend dev
4971,2,UX designer
4972,2,UX designer
4973,2,PM
4974,2,PM
4975,3,Frontend dev
4976,4,UX designer
4977,2,QA
4978,3,IOS dev
4979,2,Mobile
4980,2,Mobile
4981,4,Mobile
4982,2,Backend dev
4983,3,PM
4984,2,UI designer
4985,4,UI designer
4986,2,Android dev
4987,3,IOS dev
4988,4,Mobile
4989,2,UI designer
4990,5,PM
4991,2,IOS dev
4992,5,IOS dev
4993,2,Mobile
4994,2,PM
4995,3,UX designer
4996,3,UI designer
4997,2,Backend dev
4998,3,UI designer
4999,3,Backend dev
5000,2,Frontend dev
5001,3,Mobile
5002,4,Frontend dev
5003,3,PM
5004,3,IOS dev
5005,2,UX designer
5006,3,QA
5007,3,UI designer
5008,4,UI designer
5009,6,UX designer
5010,4,UI designer
5011,2,Android dev
5012,2,QA
5013,2,Frontend dev
5014,3,UI designer
5015,2,Android dev
5016,2,UX designer
5017,3,Backend dev
5018,4,UX designer
5019,2,IOS dev
5020,3,Mobile
5021,3,Frontend dev
5022,4,IOS dev
5023,2,Backend dev
5024,4,QA
5025,2,UI designer
5026,3,Android dev
5027,2,UX designer
5028,3,QA
5029,2,PM
5030,2,UX designer
5031,6,PM
5032,3,Android dev
5033,2,Frontend dev
5034,3,PM
5035,5,Mobile
5036,2,Mobile
5037,3,UI designer
5038,2,Mobile
5039,2,PM
5040,2,Mobile
5041,3,UX designer
5042,4,QA
5043,3,UI designer
5044,6,UI designer
5045,4,PM
5046,2,Frontend dev
5047,3,UX designer
5048,3,PM
5049,2,PM
5050,2,Android dev
5051,4,UI designer
5052,3,UX designer
5053,2,UX designer
5054,3,IOS dev
5055,3,PM
5056,2,UX designer
5057,3,UI designer
5058,3,Backend dev
5059,3,IOS dev
5060,2,UI designer
5061,3,UI designer
5062,4,UI designer
5063,4,UI designer
5064,2,Frontend dev
5065,3,Backend dev
5066,3,Backend dev
5067,3,Android dev
5068,5,Backend dev
5069,2,UX designer
5070,4,UI designer
5071,3,UX designer
5072,3,UI designer
5073,4,PM
5074,2,PM
5075,3,QA
5076,3,UI designer
5077,5,PM
5078,2,PM
5079,2,PM
5080,2,UI designer
5081,3,Android dev
5082,3,Frontend dev
5083,3,QA
5084,2,UI designer
5085,2,Backend dev
5086,3,QA
5087,2,UI designer
5088,2,QA
5089,4,Android dev
5090,2,Mobile
5091,3,UI designer
5092,2,QA
5093,3,UX designer
5094,5,UX designer
5095,3,Backend dev
5096,2,Android dev
5097,6,Android dev
5098,6,QA
5099,2,Frontend dev
5100,4,UI designer
5101,2,Frontend dev
5102,3,Frontend dev
5103,2,UI designer
5104,2,PM
5105,2,UI designer
5106,2,Backend dev
5107,3,UX designer
5108,3,Frontend dev
5109,4,IOS dev
5110,2,Mobile
5111,3,PM
5112,3,QA
5113,3,PM
5114,3,Backend dev
5115,5,Backend dev
5116,2,QA
5117,3,Android dev
5118,5,Backend dev
5119,3,PM
5120,2,UI designer
5121,2,PM
5122,3,IOS dev
5123,3,IOS dev
5124,4,Backend dev
5125,3,Android dev
5126,3,Frontend dev
5127,2,UX designer
5128,2,IOS dev
5129,3,Android dev
5130,3,Mobile
5131,3,Backend dev
5132,2,IOS dev
5133,3,Frontend dev
5134,2,Frontend dev
5135,3,Backend dev
5136,3,QA
5137,3,Android dev
5138,3,IOS dev
5139,3,Mobile
5140,3,QA
5141,5,Frontend dev
5142,2,Backend dev
5143,2,PM
5144,6,Android dev
5145,3,Android dev
5146,2,Backend dev
5147,3,UI designer
5148,2,UI designer
5149,2,IOS dev
5150,2,Frontend dev
5151,4,UI designer
5152,4,Backend dev
5153,2,Frontend dev
5154,3,Android dev
5155,3,Backend dev
5156,3,IOS dev
5157,2,IOS dev
5158,2,UX designer
5159,3,Backend dev
5160,3,QA
5161,3,Mobile
5162,3,Frontend dev
5163,4,IOS dev
5164,3,Frontend dev
5165,3,Frontend dev
5166,4,UX designer
5167,2,Frontend dev
5168,6,QA
5169,2,UX designer
5170,5,Frontend dev
5171,3,PM
5172,4,Mobile
5173,3,QA
5174,3,Backend dev
5175,2,PM
5176,3,Frontend dev
5177,3,Android dev
5178,2,Android dev
5179,2,UX designer
5180,2,IOS dev
5181,4,QA
5182,2,QA
5183,3,Frontend dev
5184,2,Mobile
5185,3,Frontend dev
5186,3,UI designer
5187,2,Backend dev
5188,4,Frontend dev
5189,2,Frontend dev
5190,2,IOS dev
5191,3,IOS dev
5192,3,QA
5193,2,UI designer
5194,2,PM
5195,2,Mobile
5196,3,UI designer
5197,4,Backend dev
5198,4,IOS dev
5199,4,Android dev
5200,3,Backend dev
5201,2,Backend dev
5202,2,Backend dev
5203,2,IOS dev
5204,6,Mobile
5205,2,PM
5206,4,Backend dev
5207,3,UX designer
5208,3,PM
5209,2,Frontend dev
5210,6,UX designer
5211,2,UI designer
5212,5,IOS dev
5213,3,QA
5214,3,IOS dev
5215,3,Android dev
5216,2,Mobile
5217,4,UI designer
5218,3,IOS dev
5219,3,PM
5220,3,UX designer
5221,3,Frontend dev
5222,2,PM
5223,3,Mobile
5224,2,PM
5225,2,UI designer
5226,3,Frontend dev
5227,2,QA
5228,4,QA
5229,5,IOS dev
5230,3,UX designer
5231,2,Mobile
5232,3,QA
5233,4,UX designer
5234,3,Backend dev
5235,3,UX designer
5236,3,PM
5237,3,Mobile
5238,3,Android dev
5239,2,QA
5240,2,QA
5241,2,Backend dev
5242,2,Mobile
5243,2,Android dev
5244,2,Android dev
5245,4,Backend dev
5246,3,UX designer
5247,2,UI designer
5248,3,QA
5249,2,Backend dev
5250,2,QA
5251,2,IOS dev
5252,4,UI designer
5253,2,UX designer
5254,2,IOS dev
5255,5,UI designer
5256,2,IOS dev
5257,3,UI designer
5258,2,UX designer
5259,4,Android dev
5260,2,Frontend dev
5261,2,Android dev
5262,6,PM
5263,2,IOS dev
5264,3,Frontend dev
5265,4,Frontend dev
5266,6,UI designer
5267,2,Android dev
5268,3,Frontend dev
5269,2,Mobile
5270,3,UI designer
5271,2,Frontend dev
5272,2,Backend dev
5273,2,UI designer
5274,2,QA
5275,2,Frontend dev
5276,3,UI designer
5277,2,PM
5278,2,Android dev
5279,2,PM
5280,4,IOS dev
5281,3,Frontend dev
5282,6,UI designer
5283,3,Mobile
5284,2,UX designer
5285,3,QA
5286,2,Android dev
5287,4,Android dev
5288,2,QA
5289,3,Android dev
5290,4,IOS dev
5291,3,Frontend dev
5292,4,UX designer
5293,4,Android dev
5294,2,QA
5295,3,PM
5296,3,Frontend dev
5297,3,UI designer
5298,3,Backend dev
5299,6,Frontend dev
5300,4,IOS dev
5301,4,Android dev
5302,5,IOS dev
5303,3,Android dev
5304,4,UI designer
5305,2,UI designer
5306,2,Backend dev
5307,3,Backend dev
5308,2,PM
5309,2,UI designer
5310,3,Frontend dev
5311,2,Backend dev
5312,3,Android dev
5313,3,Mobile
5314,4,UX designer
5315,4,Frontend dev
5316,3,QA
5317,3,Mobile
5318,2,Mobile
5319,4,Frontend dev
5320,3,UI designer
5321,3,Android dev
5322,4,UI designer
5323,2,QA
5324,2,UX designer
5325,3,QA
5326,4,Backend dev
5327,5,Frontend dev
5328,3,Mobile
5329,3,Android dev
5330,4,Android dev
5331,3,QA
5332,4,Mobile
5333,3,IOS dev
5334,3,QA
5335,5,UX designer
5336,3,Frontend dev
5337,2,UX designer
5338,2,UI designer
5339,2,Mobile
5340,3,PM
5341,3,Frontend dev
5342,6,PM
5343,6,Android dev
5344,3,Mobile
5345,2,Android dev
5346,2,UX designer
5347,4,QA
5348,3,Backend dev
5349,5,IOS dev
5350,2,UI designer
5351,3,IOS dev
5352,4,PM
5353,4,Mobile
5354,4,Android dev
5355,2,UI designer
5356,5,Frontend dev
5357,2,QA
5358,3,UX designer
5359,2,UI designer
5360,6,Mobile
5361,3,IOS dev
5362,2,IOS dev
5363,4,Mobile
5364,2,QA
5365,2,Frontend dev
5366,3,IOS dev
5367,2,UX designer
5368,4,Frontend dev
5369,3,UI designer
5370,4,Backend dev
5371,2,QA
5372,3,PM
5373,4,PM
5374,3,QA
5375,3,UI designer
5376,3,Frontend dev
5377,2,Backend dev
5378,2,IOS dev
5379,3,Backend dev
5380,2,UX designer
5381,3,UI designer
5382,2,Frontend dev
5383,2,UI designer
5384,5,PM
5385,2,Backend dev
5386,2,Mobile
5387,3,UX designer
5388,4,QA
5389,3,Backend dev
5390,3,UI designer
5391,4,Mobile
5392,3,QA
5393,3,Frontend dev
5394,2,UI designer
5395,4,QA
5396,2,Frontend dev
5397,2,UI designer
5398,2,Android dev
5399,2,PM
5400,4,IOS dev
5401,2,Android dev
5402,6,Frontend dev
5403,2,Mobile
5404,4,Mobile
5405,3,UI designer
5406,2,IOS dev
5407,2,UI designer
5408,2,QA
5409,2,UI designer
5410,3,Backend dev
5411,3,PM
5412,2,UI designer
5413,2,IOS dev
5414,2,IOS dev
5415,4,UX designer
5416,2,UI designer
5417,2,IOS dev
5418,2,Backend dev
5419,2,Backend dev
5420,2,PM
5421,3,QA
5422,2,UI designer
5423,6,UI designer
5424,6,UI designer
5425,3,UI designer
5426,5,Android dev
5427,6,Backend dev
5428,2,Backend dev
5429,3,QA
5430,2,UI designer
5431,5,QA
5432,2,UI designer
5433,3,PM
5434,3,Mobile
5435,3,IOS dev
5436,3,QA
5437,3,Backend dev
5438,3,UI designer
5439,2,Android dev
5440,3,QA
5441,3,QA
5442,4,PM
5443,2,Android dev
5444,2,Backend dev
5445,3,UX designer
5446,4,PM
5447,4,UX designer
5448,4,Android dev
5449,3,UI designer
5450,4,Backend dev
5451,2,Android dev
5452,4,Android dev
5453,3,Android dev
5454,2,IOS dev
5455,4,UI designer
5456,3,PM
5457,3,Backend dev
5458,2,Android dev
5459,4,PM
5460,4,Frontend dev
5461,3,QA
5462,2,Android dev
5463,2,UX designer
5464,4,UX designer
5465,4,UX designer
5466,2,Backend dev
5467,2,Backend dev
5468,6,Android dev
5469,2,Frontend dev
5470,6,Android dev
5471,2,Backend dev
5472,5,QA
5473,2,UI designer
5474,6,Mobile
5475,2,Frontend dev
5476,2,UI designer
5477,2,PM
5478,3,PM
5479,3,Mobile
5480,3,Android dev
5481,6,IOS dev
5482,4,Backend dev
5483,2,Android dev
5484,3,PM
5485,2,UI designer
5486,3,Frontend dev
5487,4,UX designer
5488,4,UI designer
5489,2,IOS dev
5490,3,UX designer
5491,3,Backend dev
5492,3,UI designer
5493,2,UI designer
5494,6,PM
5495,2,IOS dev
5496,2,Frontend dev
5497,2,Frontend dev
5498,3,Android dev
5499,3,QA
5500,5,UI designer
5501,2,UI designer
5502,3,Mobile
5503,3,UI designer
5504,3,QA
5505,5,Backend dev
5506,2,QA
5507,6,Android dev
5508,4,Mobile
5509,2,Android dev
5510,3,UI designer
5511,2,IOS dev
5512,4,IOS dev
5513,4,Backend dev
5514,3,QA
5515,3,UI designer
5516,6,Mobile
5517,5,IOS dev
5518,3,Frontend dev
5519,3,PM
5520,3,Mobile
5521,3,Backend dev
5522,2,PM
5523,2,Backend dev
5524,3,Android dev
5525,2,UX designer
5526,2,Mobile
5527,6,UI designer
5528,3,QA
5529,2,Android dev
5530,3,UX designer
5531,2,IOS dev
5532,5,Mobile
5533,2,PM
5534,4,UX designer
5535,2,UI designer
5536,3,UI designer
5537,5,Android dev
5538,2,Backend dev
5539,3,UX designer
5540,3,IOS dev
5541,4,PM
5542,3,QA
5543,3,QA
5544,4,PM
5545,3,Mobile
5546,2,Mobile
5547,3,Mobile
5548,4,PM
5549,2,UI designer
5550,4,UX designer
5551,5,Mobile
5552,2,QA
5553,5,UX designer
5554,3,IOS dev
5555,2,Mobile
5556,3,UI designer
5557,3,QA
5558,3,PM
5559,3,UI designer
5560,2,Backend dev
5561,3,UX designer
5562,4,UI designer
5563,6,PM
5564,3,PM
5565,3,Frontend dev
5566,6,UI designer
5567,3,Backend dev
5568,3,Mobile
5569,3,UI designer
5570,4,Frontend dev
5571,3,UI designer
5572,3,IOS dev
5573,2,QA
5574,2,UI designer
5575,3,Backend dev
5576,3,Backend dev
5577,3,UI designer
5578,4,Android dev
5579,4,Android dev
5580,3,IOS dev
5581,4,Mobile
5582,2,UX designer
5583,3,QA
5584,3,UI designer
5585,5,Android dev
5586,3,Backend dev
5587,2,Backend dev
5588,2,Backend dev
5589,4,Mobile
5590,3,Mobile
5591,3,Mobile
5592,3,PM
5593,3,QA
5594,2,IOS dev
5595,3,Backend dev
5596,4,QA
5597,3,UX designer
5598,2,Mobile
5599,2,Android dev
5600,2,PM
5601,2,Frontend dev
5602,3,PM
5603,3,IOS dev
5604,4,UX designer
5605,3,UI designer
5606,2,IOS dev
5607,2,Android dev
5608,2,Frontend dev
5609,3,UX designer
5610,2,Backend dev
5611,3,Android dev
5612,4,IOS dev
5613,3,Backend dev
,,Backend dev